USE [master]
GO
/****** Object:  Database [aqwasDB]    Script Date: 12/2/2019 1:26:16 AM ******/
CREATE DATABASE [aqwasDB]
 CONTAINMENT = NONE
 ON  PRIMARY 
( NAME = N'aqwasDB', FILENAME = N'C:\Program Files\Microsoft SQL Server\MSSQL14.MSSQLSERVER\MSSQL\DATA\aqwasDB.mdf' , SIZE = 8192KB , MAXSIZE = UNLIMITED, FILEGROWTH = 65536KB )
 LOG ON 
( NAME = N'aqwasDB_log', FILENAME = N'C:\Program Files\Microsoft SQL Server\MSSQL14.MSSQLSERVER\MSSQL\DATA\aqwasDB_log.ldf' , SIZE = 8192KB , MAXSIZE = 2048GB , FILEGROWTH = 65536KB )
GO
ALTER DATABASE [aqwasDB] SET COMPATIBILITY_LEVEL = 140
GO
IF (1 = FULLTEXTSERVICEPROPERTY('IsFullTextInstalled'))
begin
EXEC [aqwasDB].[dbo].[sp_fulltext_database] @action = 'enable'
end
GO
ALTER DATABASE [aqwasDB] SET ANSI_NULL_DEFAULT OFF 
GO
ALTER DATABASE [aqwasDB] SET ANSI_NULLS OFF 
GO
ALTER DATABASE [aqwasDB] SET ANSI_PADDING OFF 
GO
ALTER DATABASE [aqwasDB] SET ANSI_WARNINGS OFF 
GO
ALTER DATABASE [aqwasDB] SET ARITHABORT OFF 
GO
ALTER DATABASE [aqwasDB] SET AUTO_CLOSE OFF 
GO
ALTER DATABASE [aqwasDB] SET AUTO_SHRINK OFF 
GO
ALTER DATABASE [aqwasDB] SET AUTO_UPDATE_STATISTICS ON 
GO
ALTER DATABASE [aqwasDB] SET CURSOR_CLOSE_ON_COMMIT OFF 
GO
ALTER DATABASE [aqwasDB] SET CURSOR_DEFAULT  GLOBAL 
GO
ALTER DATABASE [aqwasDB] SET CONCAT_NULL_YIELDS_NULL OFF 
GO
ALTER DATABASE [aqwasDB] SET NUMERIC_ROUNDABORT OFF 
GO
ALTER DATABASE [aqwasDB] SET QUOTED_IDENTIFIER OFF 
GO
ALTER DATABASE [aqwasDB] SET RECURSIVE_TRIGGERS OFF 
GO
ALTER DATABASE [aqwasDB] SET  DISABLE_BROKER 
GO
ALTER DATABASE [aqwasDB] SET AUTO_UPDATE_STATISTICS_ASYNC OFF 
GO
ALTER DATABASE [aqwasDB] SET DATE_CORRELATION_OPTIMIZATION OFF 
GO
ALTER DATABASE [aqwasDB] SET TRUSTWORTHY OFF 
GO
ALTER DATABASE [aqwasDB] SET ALLOW_SNAPSHOT_ISOLATION OFF 
GO
ALTER DATABASE [aqwasDB] SET PARAMETERIZATION SIMPLE 
GO
ALTER DATABASE [aqwasDB] SET READ_COMMITTED_SNAPSHOT OFF 
GO
ALTER DATABASE [aqwasDB] SET HONOR_BROKER_PRIORITY OFF 
GO
ALTER DATABASE [aqwasDB] SET RECOVERY FULL 
GO
ALTER DATABASE [aqwasDB] SET  MULTI_USER 
GO
ALTER DATABASE [aqwasDB] SET PAGE_VERIFY CHECKSUM  
GO
ALTER DATABASE [aqwasDB] SET DB_CHAINING OFF 
GO
ALTER DATABASE [aqwasDB] SET FILESTREAM( NON_TRANSACTED_ACCESS = OFF ) 
GO
ALTER DATABASE [aqwasDB] SET TARGET_RECOVERY_TIME = 60 SECONDS 
GO
ALTER DATABASE [aqwasDB] SET DELAYED_DURABILITY = DISABLED 
GO
EXEC sys.sp_db_vardecimal_storage_format N'aqwasDB', N'ON'
GO
ALTER DATABASE [aqwasDB] SET QUERY_STORE = OFF
GO
USE [aqwasDB]
GO
/****** Object:  Table [dbo].[CatogeryTBL]    Script Date: 12/2/2019 1:26:16 AM ******/
SET ANSI_NULLS ON
GO
SET QUOTED_IDENTIFIER ON
GO
CREATE TABLE [dbo].[CatogeryTBL](
	[CatogeryId] [int] IDENTITY(1,1) NOT NULL,
	[CatogeryName] [nvarchar](200) NULL,
	[CatogeryName_AR] [nvarchar](200) NULL,
 CONSTRAINT [PK_CatogeryTBL] PRIMARY KEY CLUSTERED 
(
	[CatogeryId] ASC
)WITH (PAD_INDEX = OFF, STATISTICS_NORECOMPUTE = OFF, IGNORE_DUP_KEY = OFF, ALLOW_ROW_LOCKS = ON, ALLOW_PAGE_LOCKS = ON) ON [PRIMARY]
) ON [PRIMARY]
GO
/****** Object:  Table [dbo].[FeedListTBL]    Script Date: 12/2/2019 1:26:16 AM ******/
SET ANSI_NULLS ON
GO
SET QUOTED_IDENTIFIER ON
GO
CREATE TABLE [dbo].[FeedListTBL](
	[​id] [int] IDENTITY(1,1) NOT NULL,
	[name] [nvarchar](150) NOT NULL,
	[link] [nvarchar](500) NOT NULL,
	[category] [int] NOT NULL,
	[name_ar] [nvarchar](150) NULL,
 CONSTRAINT [PK_FeedListTBL] PRIMARY KEY CLUSTERED 
(
	[​id] ASC
)WITH (PAD_INDEX = OFF, STATISTICS_NORECOMPUTE = OFF, IGNORE_DUP_KEY = OFF, ALLOW_ROW_LOCKS = ON, ALLOW_PAGE_LOCKS = ON) ON [PRIMARY]
) ON [PRIMARY]
GO
/****** Object:  Table [dbo].[NewsTBL]    Script Date: 12/2/2019 1:26:16 AM ******/
SET ANSI_NULLS ON
GO
SET QUOTED_IDENTIFIER ON
GO
CREATE TABLE [dbo].[NewsTBL](
	[Id] [bigint] IDENTITY(1,1) NOT NULL,
	[title] [nvarchar](max) NULL,
	[description] [nvarchar](max) NULL,
	[pubDate] [datetime] NULL,
	[enclosure] [nvarchar](max) NULL,
	[FeedId] [int] NULL,
	[URL] [nvarchar](max) NULL,
 CONSTRAINT [PK_NewsTBL] PRIMARY KEY CLUSTERED 
(
	[Id] ASC
)WITH (PAD_INDEX = OFF, STATISTICS_NORECOMPUTE = OFF, IGNORE_DUP_KEY = OFF, ALLOW_ROW_LOCKS = ON, ALLOW_PAGE_LOCKS = ON) ON [PRIMARY]
) ON [PRIMARY] TEXTIMAGE_ON [PRIMARY]
GO
/****** Object:  Table [dbo].[UserNewsSubscribeTBL]    Script Date: 12/2/2019 1:26:16 AM ******/
SET ANSI_NULLS ON
GO
SET QUOTED_IDENTIFIER ON
GO
CREATE TABLE [dbo].[UserNewsSubscribeTBL](
	[UserId] [bigint] NULL,
	[ProviderId] [bigint] NULL,
	[SubDate] [datetime] NULL
) ON [PRIMARY]
GO
/****** Object:  Table [dbo].[UserTBL]    Script Date: 12/2/2019 1:26:16 AM ******/
SET ANSI_NULLS ON
GO
SET QUOTED_IDENTIFIER ON
GO
CREATE TABLE [dbo].[UserTBL](
	[UserId] [bigint] IDENTITY(1,1) NOT NULL,
	[UserName] [nvarchar](200) NOT NULL,
	[Email] [nvarchar](50) NOT NULL,
	[Password] [nvarchar](50) NOT NULL,
	[UserFName] [nvarchar](150) NOT NULL,
	[UserLName] [nvarchar](150) NOT NULL,
	[UserPhone] [nvarchar](50) NULL,
	[UserMobile] [nvarchar](50) NULL,
	[UserAddress] [nvarchar](150) NULL,
	[IsActive] [bit] NULL,
 CONSTRAINT [PK_UserTBL] PRIMARY KEY CLUSTERED 
(
	[UserId] ASC
)WITH (PAD_INDEX = OFF, STATISTICS_NORECOMPUTE = OFF, IGNORE_DUP_KEY = OFF, ALLOW_ROW_LOCKS = ON, ALLOW_PAGE_LOCKS = ON) ON [PRIMARY]
) ON [PRIMARY]
GO
SET IDENTITY_INSERT [dbo].[CatogeryTBL] ON 

INSERT [dbo].[CatogeryTBL] ([CatogeryId], [CatogeryName], [CatogeryName_AR]) VALUES (1, N'General', N'عام')
INSERT [dbo].[CatogeryTBL] ([CatogeryId], [CatogeryName], [CatogeryName_AR]) VALUES (2, N'Sport', N'رياضة ')
INSERT [dbo].[CatogeryTBL] ([CatogeryId], [CatogeryName], [CatogeryName_AR]) VALUES (3, N'Economy', N'اقتصاد ')
SET IDENTITY_INSERT [dbo].[CatogeryTBL] OFF
SET IDENTITY_INSERT [dbo].[FeedListTBL] ON 

INSERT [dbo].[FeedListTBL] ([​id], [name], [link], [category], [name_ar]) VALUES (1, N'Okaz', N'https://www.okaz.com.sa/rssFeed/0', 1, N'عكاظ')
INSERT [dbo].[FeedListTBL] ([​id], [name], [link], [category], [name_ar]) VALUES (2, N'AlWatan', N'https://www.alwatan.com.sa/rssFeed/0', 1, N'الوطن ')
INSERT [dbo].[FeedListTBL] ([​id], [name], [link], [category], [name_ar]) VALUES (3, N'AlSharq AlAwsat', N'https://aawsat.com/feed', 1, N'الشرق الأوسط')
INSERT [dbo].[FeedListTBL] ([​id], [name], [link], [category], [name_ar]) VALUES (4, N'WAS', N'https://www.spa.gov.sa/rss.xml', 1, N'وكالة الابناء السعودية ')
INSERT [dbo].[FeedListTBL] ([​id], [name], [link], [category], [name_ar]) VALUES (5, N'Sabq', N'https://sabq.org/rss', 1, N'سبق')
INSERT [dbo].[FeedListTBL] ([​id], [name], [link], [category], [name_ar]) VALUES (6, N'Ajel', N'https://ajel.sa/rss', 1, N'عاجل ')
INSERT [dbo].[FeedListTBL] ([​id], [name], [link], [category], [name_ar]) VALUES (7, N'BBC', N'http://feeds.bbci.co.uk/arabic/rss.xml', 1, N'BBC بالعربية ')
INSERT [dbo].[FeedListTBL] ([​id], [name], [link], [category], [name_ar]) VALUES (8, N'CNN', N'http://arabic.cnn.com/rss/cnnarabic_topnews.rss', 1, N'CNN بالعربية')
INSERT [dbo].[FeedListTBL] ([​id], [name], [link], [category], [name_ar]) VALUES (9, N'AlArabiya', N'https://www.alarabiya.net/.mrss/ar.xml', 1, N'العربية ')
INSERT [dbo].[FeedListTBL] ([​id], [name], [link], [category], [name_ar]) VALUES (10, N'GoalCom', N'https://www.goal.com/feeds/ar/news', 2, N'الهدف')
INSERT [dbo].[FeedListTBL] ([​id], [name], [link], [category], [name_ar]) VALUES (11, N'AlArabiya Sport', N'https://www.alarabiya.net/.mrss/ar/sport.xml', 2, N'العربية الرياضية')
INSERT [dbo].[FeedListTBL] ([​id], [name], [link], [category], [name_ar]) VALUES (12, N'AlEqt', N'http://www.aleqt.com/feed/rss_section/aswaq', 3, N'ألاقتصادية ')
INSERT [dbo].[FeedListTBL] ([​id], [name], [link], [category], [name_ar]) VALUES (13, N'CNBC Arabia', N'https://www.cnbcarabia.com/latest.rss', 3, N'عربية CNBC')
INSERT [dbo].[FeedListTBL] ([​id], [name], [link], [category], [name_ar]) VALUES (14, N'Arabian Business', N'https://arabic.arabianbusiness.com/feed/context/news/feed.xml', 3, N'أريبيان بزنس')
SET IDENTITY_INSERT [dbo].[FeedListTBL] OFF
SET IDENTITY_INSERT [dbo].[NewsTBL] ON 

INSERT [dbo].[NewsTBL] ([Id], [title], [description], [pubDate], [enclosure], [FeedId], [URL]) VALUES (1, N'سلامة المدخنين !', N'لأول مرة تشغل الرأي العام قضية مضرة، تكون طمأنتها سلبية، فقد انشغل المجتمع بمقاطع ونقاشات حول حقيقة محتوى ومصادر', CAST(N'2019-12-02T01:24:13.000' AS DateTime), N'', 1, N'https://www.okaz.com.sa/article/1758667/كتاب-ومقالات/سلامة-المدخنين-?ref=rss&format=simple&link=link')
INSERT [dbo].[NewsTBL] ([Id], [title], [description], [pubDate], [enclosure], [FeedId], [URL]) VALUES (2, N'رحل الأستاذ', N'توارى جثمان الأستاذ الكبير عبدالفتاح أبو مدين. هو أستاذ حقاً، فحين كنت مداوماً على حضور مناسبات نادي جدة الأدبي،', CAST(N'2019-12-02T01:24:12.000' AS DateTime), N'', 1, N'https://www.okaz.com.sa/article/1758666/كتاب-ومقالات/رحل-الأستاذ?ref=rss&format=simple&link=link')
INSERT [dbo].[NewsTBL] ([Id], [title], [description], [pubDate], [enclosure], [FeedId], [URL]) VALUES (3, N'صونوا وجوه المعلمين عن التجارة', N'من المعلوم بداهة أن لكل وظيفة من الوظائف متطلبات واشتراطات، يتوجّب توفرها في المتقدم لشغلها، ولو في حدّها الأدنى،', CAST(N'2019-12-02T01:24:12.000' AS DateTime), N'', 1, N'https://www.okaz.com.sa/article/1758665/كتاب-ومقالات/صونوا-وجوه-المعلمين-عن-التجارة?ref=rss&format=simple&link=link')
INSERT [dbo].[NewsTBL] ([Id], [title], [description], [pubDate], [enclosure], [FeedId], [URL]) VALUES (4, N'اليونسكو.. التحول من التعليم إلى الثقافة', N'الزمان: شهر أكتوبر من العام ٢٠٠٥م.المكان: قاعة (٢) بمقر اليونسكو بباريس.الحدث: معركة كلامية حادة بين أوروبا، بقيادة', CAST(N'2019-12-02T01:24:10.000' AS DateTime), N'', 1, N'https://www.okaz.com.sa/article/1758664/كتاب-ومقالات/اليونسكو-التحول-من-التعليم-إلى-الثقافة?ref=rss&format=simple&link=link')
INSERT [dbo].[NewsTBL] ([Id], [title], [description], [pubDate], [enclosure], [FeedId], [URL]) VALUES (5, N'«أرامكو» هنا والمظاهرات هناك', N'تخلل معظم أيام الشهر الماضي حدثان مهمان في منطقتنا. الأول الإعلان الرسمي المنتظر عن موعد طرح جزء صغير من شركة أرامكو', CAST(N'2019-12-02T01:24:08.000' AS DateTime), N'', 1, N'https://www.okaz.com.sa/article/1758663/كتاب-ومقالات/أرامكو-هنا-والمظاهرات-هناك?ref=rss&format=simple&link=link')
INSERT [dbo].[NewsTBL] ([Id], [title], [description], [pubDate], [enclosure], [FeedId], [URL]) VALUES (6, N'أيهما أهم للأهلي..؟', N'&bull; الإعلامي الرياضي قبل أن يجلس على كرسي الأستاذية عليه أن يعترف بأنه قدم لهذا الكرسي من النادي المفضل الذي ربط', CAST(N'2019-12-02T01:24:06.000' AS DateTime), N'', 1, N'https://www.okaz.com.sa/article/1758662/كتاب-ومقالات/أيهما-أهم-للأهلي?ref=rss&format=simple&link=link')
INSERT [dbo].[NewsTBL] ([Id], [title], [description], [pubDate], [enclosure], [FeedId], [URL]) VALUES (7, N'زهير فايز .. معماري وأكثر !', N'فن العمارة والمعمار هي نتاج فكر وثقافة وتمدن. وتفتخر الدول بمهندسيها المعماريين الناجحين والمميزين وتعاملهم معاملة', CAST(N'2019-12-02T01:24:06.000' AS DateTime), N'', 1, N'https://www.okaz.com.sa/article/1758661/كتاب-ومقالات/زهير-فايز-معماري-وأكثر-?ref=rss&format=simple&link=link')
INSERT [dbo].[NewsTBL] ([Id], [title], [description], [pubDate], [enclosure], [FeedId], [URL]) VALUES (8, N'الأممية الإسلامية للتصدير فقط.. تركيا وماليزيا نموذجان !', N'لم تكن الأممية الإسلامية بمفهومها «الشعبوي الرومنسي» موجودة في أدبيات الشعوب الأعجمية المسلمة، وإذا كانت فهي', CAST(N'2019-12-02T01:24:05.000' AS DateTime), N'', 1, N'https://www.okaz.com.sa/article/1758660/كتاب-ومقالات/الأممية-الإسلامية-للتصدير-فقط-تركيا-وماليزيا-نموذجان-?ref=rss&format=simple&link=link')
INSERT [dbo].[NewsTBL] ([Id], [title], [description], [pubDate], [enclosure], [FeedId], [URL]) VALUES (9, N'.. وسقط جدار طهران', N'ترى إيران كما في ذهنيات الأنظمة الديكتاتورية، أن التنازل للشارع يعني رفع سقف مطالب الشارع، وبالتالي مزيد من التنازل', CAST(N'2019-12-02T01:24:03.000' AS DateTime), N'', 1, N'https://www.okaz.com.sa/article/1758659/كتاب-ومقالات/-وسقط-جدار-طهران?ref=rss&format=simple&link=link')
INSERT [dbo].[NewsTBL] ([Id], [title], [description], [pubDate], [enclosure], [FeedId], [URL]) VALUES (10, N'سلمان الاستثناء في بيعته الخامسة', N'قبل يومين كانت المملكة على موعد مع ذكرى البيعة الخامسة، وقبل هذا بخمس سنوات شهد قصر الحكم في العاصمة حالة استثنائية،', CAST(N'2019-12-02T01:24:02.000' AS DateTime), N'', 1, N'https://www.okaz.com.sa/article/1758658/كتاب-ومقالات/سلمان-الاستثناء-في-بيعته-الخامسة?ref=rss&format=simple&link=link')
INSERT [dbo].[NewsTBL] ([Id], [title], [description], [pubDate], [enclosure], [FeedId], [URL]) VALUES (11, N'آل الشيخ: «الترفيه» ستواصل تكريم النجوم', N'أعلن &rlm;رئيس هيئة الترفيه تركي آل الشيخ خلال كلمته الخاصة التي ألقاها في حفل اعتزال لاعب الهلال والمنتخب السعودي', CAST(N'2019-12-01T23:25:53.000' AS DateTime), N'', 1, N'https://www.okaz.com.sa/article/1758657/رياضة/آل-الشيخ-الترفيه-ستواصل-تكريم-النجوم?ref=rss&format=simple&link=link')
INSERT [dbo].[NewsTBL] ([Id], [title], [description], [pubDate], [enclosure], [FeedId], [URL]) VALUES (12, N'بحرة: إزالة 10 آلاف م2 تعديات على أراضٍ حكومية', N'أزالت لجنة التعديات ببلدية محافظة بحرة الفرعية أمس الأول، تعديات على أراضٍ حكومية بمنطقة بحرة وحداء بمساحة تقدر', CAST(N'2019-12-01T23:20:21.000' AS DateTime), N'', 1, N'https://www.okaz.com.sa/article/1758656/محليات/بحرة-إزالة-10-آلاف-م2-تعديات-على-أراض-حكومية?ref=rss&format=simple&link=link')
INSERT [dbo].[NewsTBL] ([Id], [title], [description], [pubDate], [enclosure], [FeedId], [URL]) VALUES (13, N'بيرلو وتوتي بالزي السعودي', N'حظيت صورة جمعت نجمي الكرة الإيطالية أندريا بيرلو وفرانشيسكو توتي وهما يرتديان الزي السعودي باهتمام كبير من الجماهير', CAST(N'2019-12-01T23:16:26.000' AS DateTime), N'', 1, N'https://www.okaz.com.sa/article/1758655/رياضة/بيرلو-وتوتي-بالزي-السعودي?ref=rss&format=simple&link=link')
INSERT [dbo].[NewsTBL] ([Id], [title], [description], [pubDate], [enclosure], [FeedId], [URL]) VALUES (14, N'القناص يرمي بسهامه الأخيرة', N'رمى القناص الهلالي ياسر القحطاني آخر سهامه في الشباك مساء اليوم (الأحد) في حفل اعتزاله والذي جمع فريق الهلال وفريق', CAST(N'2019-12-01T23:14:22.000' AS DateTime), N'', 1, N'https://www.okaz.com.sa/article/1758654/رياضة/القناص-يرمي-بسهامه-الأخيرة?ref=rss&format=simple&link=link')
INSERT [dbo].[NewsTBL] ([Id], [title], [description], [pubDate], [enclosure], [FeedId], [URL]) VALUES (15, N'عبر الدموع.. نظارات تراقب معدل السكر في الدم', N'طور علماء برازيليون وأمريكيون مستشعرا بيولوجيا في نظارات ثورية قادرة على قياس معدل السكر في الدم عبر الدموع، ما', CAST(N'2019-12-01T23:08:53.000' AS DateTime), N'', 1, N'https://www.okaz.com.sa/article/1758653/محطة-أخيرة/عبر-الدموع-نظارات-تراقب-معدل-السكر-في-الدم?ref=rss&format=simple&link=link')
INSERT [dbo].[NewsTBL] ([Id], [title], [description], [pubDate], [enclosure], [FeedId], [URL]) VALUES (16, N'«انستغرام».. كيف تقرأ رسالة دون علم المرسل ؟', N'في وقت تسمح فيه خدمة الرسائل المباشرة لمرسل الرسائل على «انستغرام» بمعرفة قراءتها من جانب المستقبل عبر علامة Seen،', CAST(N'2019-12-01T23:07:07.000' AS DateTime), N'', 1, N'https://www.okaz.com.sa/article/1758652/محطة-أخيرة/انستغرام-كيف-تقرأ-رسالة-دون-علم-المرسل-?ref=rss&format=simple&link=link')
INSERT [dbo].[NewsTBL] ([Id], [title], [description], [pubDate], [enclosure], [FeedId], [URL]) VALUES (17, N'أخضر السلة يتوج بلقب البطولة الخليجية', N'توج المنتخب السعودي الأول لكرة السلة بالبطولة الخليجية السادسة عشرة بعد فوزه على منتخب الكويت مستضيف البطولة', CAST(N'2019-12-01T23:04:32.000' AS DateTime), N'', 1, N'https://www.okaz.com.sa/article/1758651/رياضة/أخضر-السلة-يتوج-بلقب-البطولة-الخليجية?ref=rss&format=simple&link=link')
INSERT [dbo].[NewsTBL] ([Id], [title], [description], [pubDate], [enclosure], [FeedId], [URL]) VALUES (18, N'«الأرصاد»: أمطار رعدية على جدة حتى 3 صباحا', N'أصدرت الهيئة العامة للأرصاد وحماية البيئة اليوم (الأحد) تنبيهاً عن هطول أمطار رعدية على عدد من المحافظات بمنطقة', CAST(N'2019-12-01T22:52:15.000' AS DateTime), N'', 1, N'https://www.okaz.com.sa/article/1758650/محليات/الأرصاد-أمطار-رعدية-على-جدة-حتى-3-صباحا?ref=rss&format=simple&link=link')
INSERT [dbo].[NewsTBL] ([Id], [title], [description], [pubDate], [enclosure], [FeedId], [URL]) VALUES (19, N'أبو مدين .. رحل رافعاً راية انتصار الفن على الأدلجة', N'لن تُغلق الحكاياتُ أبوابها طالما أن الراحل (الفتى مفتاح) وستظل الأجيال في العالم العربي تتذكر دور (أبو مدين) في', CAST(N'2019-12-01T22:36:29.000' AS DateTime), N'', 1, N'https://www.okaz.com.sa/article/1758649/ثقافة/أبو-مدين-رحل-رافعا-راية-انتصار-الفن-على-الأدلجة?ref=rss&format=simple&link=link')
INSERT [dbo].[NewsTBL] ([Id], [title], [description], [pubDate], [enclosure], [FeedId], [URL]) VALUES (20, N'أمانة الرياض: فيديو حادث طريق الدائري «قديم»', N'أكدت أمانة منطقة الرياض، أن الفيديو المتداول الذي يُظهر وقوع حادث على طريق الدائري الثاني بسبب هبوط في الطبقة', CAST(N'2019-12-01T22:11:51.000' AS DateTime), N'', 1, N'https://www.okaz.com.sa/article/1758648/محليات/أمانة-الرياض-فيديو-حادث-طريق-الدائري-قديم?ref=rss&format=simple&link=link')
INSERT [dbo].[NewsTBL] ([Id], [title], [description], [pubDate], [enclosure], [FeedId], [URL]) VALUES (21, N'المحاسبة يتابع 66 مليارا لدى جهات حكومية', N'تسلم خادم الحرمين الشريفين، الملك سلمان بن عبدالعزيز، التقرير السنوي للديوان العام للمحاسبة التاسع والخمسين', CAST(N'2019-12-02T00:55:00.000' AS DateTime), N'', 2, N'https://www.alwatan.com.sa/article/1029702/اقتصاد/المحاسبة-يتابع-66-مليارا-لدى-جهات-حكومية')
INSERT [dbo].[NewsTBL] ([Id], [title], [description], [pubDate], [enclosure], [FeedId], [URL]) VALUES (22, N'124 اجتماعا في G20 الرياض', N'تركز المملكة خلال رئاستها لمجموعة العشرين على الهدف العام وهو «اغتنام فُرَص القرن الحادي والعشرين للجميع»، المتضمن', CAST(N'2019-12-02T00:45:00.000' AS DateTime), N'', 2, N'https://www.alwatan.com.sa/article/1029704/سياسة/دولية/124-اجتماعا-في-G20-الرياض')
INSERT [dbo].[NewsTBL] ([Id], [title], [description], [pubDate], [enclosure], [FeedId], [URL]) VALUES (23, N'المملكة والإمارات تطور إستراتيجي ورؤية مشتركة', N'بعث خادم الحرمين الشريفين الملك سلمان بن عبدالعزيز، برقية تهنئة لرئيس دولة الإمارات العربية المتحدة الشيخ خليفة', CAST(N'2019-12-02T00:45:00.000' AS DateTime), N'', 2, N'https://www.alwatan.com.sa/article/1029703/سياسة/عربية/المملكة-والإمارات-تطور-إستراتيجي-ورؤية-مشتركة')
INSERT [dbo].[NewsTBL] ([Id], [title], [description], [pubDate], [enclosure], [FeedId], [URL]) VALUES (24, N'كيف تعمل مجموعة العشرين', N'​​تتناوب الدول الأعضاء على رئاسة مجموعة العشرين كل عام، وتؤدي دولة الرئاسة دورا قياديا في إعداد البرنامج وفي', CAST(N'2019-12-02T00:40:00.000' AS DateTime), N'', 2, N'https://www.alwatan.com.sa/article/1029705/سياسة/دولية/كيف-تعمل-مجموعة-العشرين')
INSERT [dbo].[NewsTBL] ([Id], [title], [description], [pubDate], [enclosure], [FeedId], [URL]) VALUES (25, N'صحة نجران الأولى في مؤشرات الأداء وتميز جراحات القلب المفتوح', N'رفع المدير العام للشؤون الصحية بمنطقتي عسير ونجران خالد عائض عسيري، باسمه ونيابة عن كل منسوبي ومنسوبات الشؤون', CAST(N'2019-12-02T00:25:00.000' AS DateTime), N'', 2, N'https://www.alwatan.com.sa/article/1029707/محليات/صحة-نجران-الأولى-في-مؤشرات-الأداء-وتميز-جراحات-القلب-المفتوح')
INSERT [dbo].[NewsTBL] ([Id], [title], [description], [pubDate], [enclosure], [FeedId], [URL]) VALUES (26, N'وكلاء جامعة نجران: خادم الحرمين عزز مكانة المملكة عالميا', N'أكد عدد من منسوبي جامعة نجران، أن الذكرى الخامسة لتولي خادم الحرمين الشريفين الملك سلمان بن عبدالعزيز، مقاليد', CAST(N'2019-12-02T00:20:00.000' AS DateTime), N'', 2, N'https://www.alwatan.com.sa/article/1029728/محليات/وكلاء-جامعة-نجران-خادم-الحرمين-عزز-مكانة-المملكة-عالميا')
INSERT [dbo].[NewsTBL] ([Id], [title], [description], [pubDate], [enclosure], [FeedId], [URL]) VALUES (27, N'دعم الملك يحقق الجودة في أكبر المدن الجامعية', N'رفع مدير جامعة نجران الدكتور فلاح بن فرج السبيعي، أسمى آيات التهاني والتبريكات لخادم الحرمين الشريفين الملك سلمان', CAST(N'2019-12-02T00:15:00.000' AS DateTime), N'', 2, N'https://www.alwatan.com.sa/article/1029724/محليات/دعم-الملك-يحقق-الجودة-في-أكبر-المدن-الجامعية')
INSERT [dbo].[NewsTBL] ([Id], [title], [description], [pubDate], [enclosure], [FeedId], [URL]) VALUES (28, N'الانتماء للعربية في أقسام اللغة العربية', N'يقول رونالد واردف «إذا كانت الحرب هي وسيلة امتداد للسياسة فإن السياسة اللغوية هي الشكل المدني للحروب بين اللغات»،', CAST(N'2019-12-02T00:15:00.000' AS DateTime), N'', 2, N'https://www.alwatan.com.sa/article/1029701/-كتاب/الانتماء-للعربية-في-أقسام-اللغة-العربية')
INSERT [dbo].[NewsTBL] ([Id], [title], [description], [pubDate], [enclosure], [FeedId], [URL]) VALUES (29, N'الإعلام والتعايش', N'دولتنا الكبيرة تحتاج، أَولَى من غيرها، إلى كثير من الأمور، وذلك كالمنتديات المتخصصة، منها «منتدى إعلامي».وفي', CAST(N'2019-12-02T00:15:00.000' AS DateTime), N'', 2, N'https://www.alwatan.com.sa/article/1029700/-كتاب/الإعلام-والتعايش')
INSERT [dbo].[NewsTBL] ([Id], [title], [description], [pubDate], [enclosure], [FeedId], [URL]) VALUES (30, N'الثقافة والمثقفون يحتفون بالسبيِّل', N'أقام النادي الأدبي بالرياض أمسية وفائية لرمز من رموز الوطن، وهو الدكتور عبدالعزيز السبيِّل الذي بصم في محطات الوطن', CAST(N'2019-12-02T00:15:00.000' AS DateTime), N'', 2, N'https://www.alwatan.com.sa/article/1029699/-كتاب/الثقافة-والمثقفون-يحتفون-بالسبيل')
INSERT [dbo].[NewsTBL] ([Id], [title], [description], [pubDate], [enclosure], [FeedId], [URL]) VALUES (31, N'المملكة والإمارات تطور إستراتيجي ورؤية مشتركة', N'بعث خادم الحرمين الشريفين الملك سلمان بن عبدالعزيز، برقية تهنئة لرئيس دولة الإمارات العربية المتحدة الشيخ خليفة', CAST(N'2019-12-02T00:10:00.000' AS DateTime), N'', 2, N'https://www.alwatan.com.sa/article/1029751/سياسة/عربية/المملكة-والإمارات-تطور-إستراتيجي-ورؤية-مشتركة')
INSERT [dbo].[NewsTBL] ([Id], [title], [description], [pubDate], [enclosure], [FeedId], [URL]) VALUES (32, N'إزالة تعديات على أراض حكومية ببحرة وحداء', N'أزالت لجنة التعديات في بلدية محافظة بحرة الفرعية، أمس، تعديات على أراضٍ حكومية بمنطقة بحرة وحداء، بمساحة تقدر', CAST(N'2019-12-02T00:10:00.000' AS DateTime), N'', 2, N'https://www.alwatan.com.sa/article/1029750/محليات/إزالة-تعديات-على-أراض-حكومية-ببحرة-وحداء')
INSERT [dbo].[NewsTBL] ([Id], [title], [description], [pubDate], [enclosure], [FeedId], [URL]) VALUES (33, N'مليار ريال تكلفة نقل السجناء للمحاكم سنويا', N'قدرت وزارة العدل تكلفة نقل السجناء من وإلى السجون والمحاكم على إدارات السجون بحوالي مليار ريال سنويا، حيث تقوم', CAST(N'2019-12-02T00:10:00.000' AS DateTime), N'', 2, N'https://www.alwatan.com.sa/article/1029748/محليات/مليار-ريال-تكلفة-نقل-السجناء-للمحاكم-سنويا')
INSERT [dbo].[NewsTBL] ([Id], [title], [description], [pubDate], [enclosure], [FeedId], [URL]) VALUES (34, N'لجنة للتحقيق في مخالفة اختيار الرئيس ونائبه ببلدي القصيم', N'علمت «الوطن» أنه جرى تشكيل لجنة ثلاثية من أمانة المجالس البلدية للتحقيق في مخالفة اختيار الرئيس ونائبه في بلدي', CAST(N'2019-12-02T00:10:00.000' AS DateTime), N'', 2, N'https://www.alwatan.com.sa/article/1029747/محليات/لجنة-للتحقيق-في-مخالفة-اختيار-الرئيس-ونائبه-ببلدي-القصيم')
INSERT [dbo].[NewsTBL] ([Id], [title], [description], [pubDate], [enclosure], [FeedId], [URL]) VALUES (35, N'آثار ضاربة في أعماق التاريخ', N'رفع المدير العام لفرع الهيئة العامة للسياحة والتراث الوطني بمنطقة نجران، صالح محمد آل مريح، التهنئة إلى مقام خادم', CAST(N'2019-12-02T00:10:00.000' AS DateTime), N'', 2, N'https://www.alwatan.com.sa/article/1029746/محليات/آثار-ضاربة-في-أعماق-التاريخ')
INSERT [dbo].[NewsTBL] ([Id], [title], [description], [pubDate], [enclosure], [FeedId], [URL]) VALUES (36, N'أمين نجران: مشاريع بلدية متنوعة لتحقيق التنمية المستدامة', N'قال أمين منطقة نجران المهندس حمد بن حسين عيبان: نعيش اليوم ذكرى عزيزة على الجميع نستعيد معها بكل فخر واعتزاز سجل', CAST(N'2019-12-02T00:10:00.000' AS DateTime), N'', 2, N'https://www.alwatan.com.sa/article/1029745/محليات/أمين-نجران-مشاريع-بلدية-متنوعة-لتحقيق-التنمية-المستدامة')
INSERT [dbo].[NewsTBL] ([Id], [title], [description], [pubDate], [enclosure], [FeedId], [URL]) VALUES (37, N'نهضة كبيرة', N'بكل معاني الحب والولاء والوفاء يحتفل أبناء المملكة في جميع مواقعهم بالذكرى الخامسة لتولي خادم الحرمين الشريفين', CAST(N'2019-12-02T00:10:00.000' AS DateTime), N'', 2, N'https://www.alwatan.com.sa/article/1029742/محليات/نهضة-كبيرة')
INSERT [dbo].[NewsTBL] ([Id], [title], [description], [pubDate], [enclosure], [FeedId], [URL]) VALUES (38, N'باقون على العهد', N'نعيش هذه الأيام ذكرى جميلة وعزيزه على قلوبنا وهي ذكرى تجديد البيعة المباركة لخادم الحرمين الشريفين الملك سلمان', CAST(N'2019-12-02T00:10:00.000' AS DateTime), N'', 2, N'https://www.alwatan.com.sa/article/1029741/محليات/باقون-على-العهد')
INSERT [dbo].[NewsTBL] ([Id], [title], [description], [pubDate], [enclosure], [FeedId], [URL]) VALUES (39, N'أمير نجران: بيعة صادقة في أعناق الشعب الأبي العظيم', N'أعرب أمير منطقة نجران الأمير جلوي بن عبدالعزيز بن مساعد، باسم أهالي المنطقة وباسمه، عن صادق الولاء لخادم الحرمين', CAST(N'2019-12-02T00:10:00.000' AS DateTime), N'', 2, N'https://www.alwatan.com.sa/article/1029740/محليات/أمير-نجران-بيعة-صادقة-في-أعناق-الشعب-الأبي-العظيم')
INSERT [dbo].[NewsTBL] ([Id], [title], [description], [pubDate], [enclosure], [FeedId], [URL]) VALUES (40, N'الوديعة منفذ الإنسانية لعبور مساعدات مركز الملك سلمان', N'انطلاقاً من تعاليم ديننا الإسلامي الحنيف التي توجب إغاثة الملهوف ومساعدة المحتاج والمحافظة على ​حياة الإنسان', CAST(N'2019-12-02T00:10:00.000' AS DateTime), N'', 2, N'https://www.alwatan.com.sa/article/1029737/محليات/الوديعة-منفذ-الإنسانية-لعبور-مساعدات-مركز-الملك-سلمان')
INSERT [dbo].[NewsTBL] ([Id], [title], [description], [pubDate], [enclosure], [FeedId], [URL]) VALUES (41, N'«حرب تسريبات» بعد قبول استقالة عبد المهدي', N'أطلقت موافقة البرلمان العراقي على استقالة رئيس الوزراء عادل عبد المهدي، أمس، إشارة البدء بـ«حرب تسريبات» بين القوى السياسية لأسماء بديلة مرشحة لخلافته، إما بهدف حرقها أمام الشارع المنتفض وإما لاختبار رد فعل الأخير على طرحها.<br />
وشهدت جلسة البرلمان، أمس، حضور 241 نائباً من أصل 329. وهي نسبة كبيرة مقارنة بالجلسات المعتادة. وأعلنت كتلة «سائرون»، في بيان، أنها تنازلت عن «حقها في ترشيح رئيس الوزراء المكلف الجديد باعتبارها الكتلة الأكبر»، مؤكدة موافقتها على «المرشح الذي سيختاره الشعب من ساحات التظاهر».', CAST(N'2019-12-02T05:15:04.000' AS DateTime), N'2016501 at https://aawsat.com', 3, N'https://aawsat.com/home/article/2016501/«حرب-تسريبات»-بعد-قبول-استقالة-عبد-المهدي')
INSERT [dbo].[NewsTBL] ([Id], [title], [description], [pubDate], [enclosure], [FeedId], [URL]) VALUES (42, N'القمة الخليجية في الرياض الأسبوع المقبل', N'أعلن الأمين العام لمجلس التعاون لدول الخليج العربية عبد اللطيف الزياني، أن الرياض ستحتضن القمة الأربعين لقادة دول المجلس الأسبوع المقبل، فيما اعتبرها رئيس الوزراء الكويتي الشيخ صباح الخالد الحمد الصباح «محطة مهمة للغاية» في المصالحة الخليجية.<br />
وقال الزياني إن القمة ستعقد في 10 ديسمبر (كانون الأول) برئاسة خادم الحرمين الشريفين الملك سلمان بن عبد العزيز، على أن يسبقها اجتماع تحضيري في مقر الأمانة العامة بالرياض يوم الاثنين المقبل. وعبّر عن ثقته بأن القمة «ستخرج بقرارات بناءة تعزز من اللحمة الخليجية، وتعمق الترابط والتعاون والتكامل بين الدول الأعضاء، وترسخ أركان هذا المجلس المبارك».', CAST(N'2019-12-02T05:15:00.000' AS DateTime), N'2016496 at https://aawsat.com', 3, N'https://aawsat.com/home/article/2016496/القمة-الخليجية-في-الرياض-الأسبوع-المقبل')
INSERT [dbo].[NewsTBL] ([Id], [title], [description], [pubDate], [enclosure], [FeedId], [URL]) VALUES (43, N'مصير الحكومة اللبنانية يقترب من الحسم', N'أكدت مصادر من أطراف متباينة في لبنان إمكانية أن يشهد هذا الأسبوع حسماً في موضوع تشكيل الحكومة، فيما لبى اللبنانيون الدعوات للتظاهر في «أحد الوضوح»، أمس، وكان طريق القصر الرئاسي في بعبدا محطة مشتركة لمحتجي الحراك المدني من جهة، ولمناصري «التيار الوطني الحر» الداعمين لرئيس الجمهورية ميشال عون من جهة أخرى.', CAST(N'2019-12-02T05:14:58.000' AS DateTime), N'2016491 at https://aawsat.com', 3, N'https://aawsat.com/home/article/2016491/مصير-الحكومة-اللبنانية-يقترب-من-الحسم')
INSERT [dbo].[NewsTBL] ([Id], [title], [description], [pubDate], [enclosure], [FeedId], [URL]) VALUES (44, N'الموضوعية والعضوية', N'قبيل الصيف الماضي ألقيت، بدعوة من «مؤسسة فؤاد شهاب»، كلمة حول العلاقات اللبنانية الروسية، وألقى كلمة حول الموضوع نفسه السفير الروسي السيد ألكسندر زابسكين. انتقيت في مداخلتي التحدث عن العناصر الإيجابية في المرحلة السوفياتية حيال القضايا العربية، وخصوصاً فلسطين، وانتقدت الرد العربي، وخصوصاً طرد «الخبراء» السوفيات من مصر أيام الرئيس أنور السادات. ', CAST(N'2019-12-01T22:42:25.000' AS DateTime), N'2016761 at https://aawsat.com', 3, N'https://aawsat.com/home/article/2016761/سمير-عطا-الله/الموضوعية-والعضوية')
INSERT [dbo].[NewsTBL] ([Id], [title], [description], [pubDate], [enclosure], [FeedId], [URL]) VALUES (45, N'«سألني صدام: هل قرأت عن ولاية الفقيه؟»', N'ذاتَ يومٍ فوجئ وزير الدولة العراقي للشؤون الخارجية حامد الجبوري بسؤال من الرئيس صدام حسين: «هل قرأت عن ولاية الفقيه؟». ردَّ الوزير بالنفي. فقال صدام: «إنه كتابٌ صغيرٌ يجب أنْ تقرأه». ثم انطلق في الحديث عن «مساوئ الخميني وطمعه في السلطة». ولم يكن أمام الجبوري غير أن يقرأ. وحين أبلغ صدام قال الأخير: «أردتك أن تعرف». وكان الجبوري خبيراً بأطباع الرئيس، لأنه تولى إدارة مكتبه حين كان نائباً للرئيس. وشعر أن موضوع «ولاية الفقيه» يشغل بال صاحب القرار في بغداد.', CAST(N'2019-12-01T22:42:18.000' AS DateTime), N'2016756 at https://aawsat.com', 3, N'https://aawsat.com/home/article/2016756/غسان-شربل/«سألني-صدام-هل-قرأت-عن-ولاية-الفقيه؟»')
INSERT [dbo].[NewsTBL] ([Id], [title], [description], [pubDate], [enclosure], [FeedId], [URL]) VALUES (46, N'ما الصحافة في عصر التواصل؟', N'هل يجب أن تتغير الصحافة في عصر التواصل الاجتماعي، لتنتقل إلى مفهوم جديد للعمل الصحافي؟ وكيف؟ ومن الصحافي اليوم في عصر النميمة والأخبار «المضروبة»، التي سماها دونالد ترمب «fake news»، أو الأخبار الكاذبة؟ وهل هناك أيضاً «fake journalist»، صحافي «مضروب»، في زمن الإنفلونسرز (المؤثرين في السوشيال ميديا) الذين لديهم من المتابعين أعداد تفوق أعداد توزيع أي صحيفة كبرى؟ وهل زيادة عدد المشاهدات والأكثر قراءة أهم من مصداقية المعلومة وتدقيقها؟', CAST(N'2019-12-01T22:42:16.000' AS DateTime), N'2016751 at https://aawsat.com', 3, N'https://aawsat.com/home/article/2016751/مأمون-فندي/ما-الصحافة-في-عصر-التواصل؟')
INSERT [dbo].[NewsTBL] ([Id], [title], [description], [pubDate], [enclosure], [FeedId], [URL]) VALUES (47, N'معركة الراحل الشيخ الشعراوي', N'«أسما» إعلامية مصرية شابَّة، نشطة على منصات السوشيال ميديا، وابنة فنان مصري معروف، هو شريف منير، تعرضت لعاصفة عاتية من النقد في مصر، من أطراف كثيرة، ومنهم نواب في البرلمان، بسبب تعليق ناقد لها على صفحتها في «فيسبوك» ضد الراحل الشيخ محمد متولي الشعراوي.<br />عاصفة عاتية جعلت والدها الممثل شريف منير يقول في مؤتمر عن الشائعات على وسائل التواصل الاجتماعي في القاهرة بالدارجة المصرية: «بنتي قالت لفظاً خطأً اتمسح بينا البلاط على السوشيال ميديا، واتشتمت بأبويا وأمي».', CAST(N'2019-12-01T22:42:14.000' AS DateTime), N'2016746 at https://aawsat.com', 3, N'https://aawsat.com/home/article/2016746/مشاري-الذايدي/معركة-الراحل-الشيخ-الشعراوي')
INSERT [dbo].[NewsTBL] ([Id], [title], [description], [pubDate], [enclosure], [FeedId], [URL]) VALUES (48, N'الارتباك في طهران والكر والفر في بيروت وبغداد', N'في حوار مع صديق منذ أيام، قال لي: «ينبغي أن يتوقف هذا الحراك الشعبي مهما كان الثمن»، فأجبته بسؤال آخر: «ماذا تفضل؟ نهاية الانتفاضة وترسيخ سيطرة محور (حزب الله) على البلد، مع كل ما يعنيه ذلك من مواصلة تفتيت نسيج المجتمع اللبناني، وعزله عن محيطه الإقليمي كما عن المجتمع الدولي؟ أم استمرارها فترة قد تطول أو تقصر مع التحلي بالصبر والمثابرة والحكمة، لاستعادة الدولة وإعادة الوطن معها؟».<br />هذا المزاج يراود للأسف كثيرين هذه الأيام، ما يدفعنا إلى مراجعة وقائع عدة أفرزتها الانتفاضة الشعبية، وردة فعل السلطة الحاكمة عليها، وأعني بها تحديداً «حزب الله» وفريق رئيس الجمهورية، و«التيار الوطني الحر».', CAST(N'2019-12-01T22:42:07.000' AS DateTime), N'2016741 at https://aawsat.com', 3, N'https://aawsat.com/home/article/2016741/سام-منسى/الارتباك-في-طهران-والكر-والفر-في-بيروت-وبغداد')
INSERT [dbo].[NewsTBL] ([Id], [title], [description], [pubDate], [enclosure], [FeedId], [URL]) VALUES (49, N'قليل من اللعب!', N'في بدايات السينما الناطقة، استعان «استوديو مصر» الذي أنشأه رجل الاقتصاد طلعت حرب عام 1935 بالمخرج الألماني فيرتز كرامب، لتصوير أول أفلام أم كلثوم «وداد». في أحد المشاهد طلب المخرج عدداً ضخماً من الشباب في مقتبل العمر لأداء معارك، وتمت الاستعانة بريجيسير اسمه قاسم وجدي، وكان من العناصر الهامة جداً في بدايات السينما، لأنه يجيد التواصل مع «الكومبارس».', CAST(N'2019-12-01T22:42:06.000' AS DateTime), N'2016736 at https://aawsat.com', 3, N'https://aawsat.com/home/article/2016736/طارق-الشناوي/قليل-من-اللعب')
INSERT [dbo].[NewsTBL] ([Id], [title], [description], [pubDate], [enclosure], [FeedId], [URL]) VALUES (50, N'نقمة الاستكبار... ونعمة الاستقرار', N'لأنَّ ظاهرة الاستكبار أخذت الحيز الأكبر من تفكير بعض أُولي الأمر في لبنان، فإن نعمة الاستقرار تتراجع يوماً بعد يوم عن هذا الوطن المبتلى بحالات حزبية وحركية وتيارية تمعن في انتهاك للحيوية التي طالما كانت إحدى صفات شعبه.', CAST(N'2019-12-01T22:42:04.000' AS DateTime), N'2016731 at https://aawsat.com', 3, N'https://aawsat.com/home/article/2016731/فـــؤاد-مطـــر/نقمة-الاستكبار-ونعمة-الاستقرار')
INSERT [dbo].[NewsTBL] ([Id], [title], [description], [pubDate], [enclosure], [FeedId], [URL]) VALUES (51, N'حكاية المستشفى الأميركي في غزة', N'أعلنت حركة «حماس» صاحبة القرار الأول والأخير في غزة، أنها وافقت على إقامة المستشفى الأميركي الميداني، وأنها ستراقب أداءه، أي أنها على نحو ما ستشارك في إدارته.<br />السجال الذي اشتعل منذ أعلن عن قرار إقامة المستشفى، أظهر أن الانقسام الفلسطيني وجد زيتاً إضافياً يصب على ناره المشتعلة، ما زاد العلاقات المتوترة بين طرفي الانقسام تعقيداً، وليمتد إلى العلاقات بين «حماس» ومن معها من الفصائل المقيمة في غزة، التي أنكرت مجرد علمها بصفقة المستشفى، وبالتالي أعفت نفسها من تهمة الترحيب بإقامته.', CAST(N'2019-12-01T22:42:03.000' AS DateTime), N'2016726 at https://aawsat.com', 3, N'https://aawsat.com/home/article/2016726/نبيل-عمرو/حكاية-المستشفى-الأميركي-في-غزة')
INSERT [dbo].[NewsTBL] ([Id], [title], [description], [pubDate], [enclosure], [FeedId], [URL]) VALUES (52, N'كلمات عكس معانيها', N'من المثير للسخرية أن كثيراً من «العناصر المحلية الداعمة» في الإعلام تحمل اسم «عربي»، من عربي بوست إلى العربي وعربي 21. الرسالة - ليست دائماً - معروفة من عنوانها. العنوان ربما يصاغ عمداً بقصد التضليل.', CAST(N'2019-12-01T22:42:01.000' AS DateTime), N'2016721 at https://aawsat.com', 3, N'https://aawsat.com/home/article/2016721/خالد-البري/كلمات-عكس-معانيها')
INSERT [dbo].[NewsTBL] ([Id], [title], [description], [pubDate], [enclosure], [FeedId], [URL]) VALUES (53, N'مفهوم الاستدامة', N'تطور مفهوم الاستدامة، خلال السنوات الأخيرة، بشكل متسارع، حتى أصبح اليوم للاستدامة أكثر من مائة تعريف، حسب رؤية الأطراف وتوجهها. وفي نطاق الأعمال، كان مفهوم الاستدامة هو أن تبقى الشركة رابحة، ذلك لأن ربحيتها هو المعيار الوحيد لبقائها في السوق. إلا أن هذا الدور لم يكن كافياً للشركات، ليتطور بعدها مفهوم المسؤولية الاجتماعية للشركات، وهو أن الشركات باستفادتها من المجتمع بتحقيق الأرباح، يتوجب عليها إفادة المجتمع بالمقابل. ومع ازدياد نمو الشركات الذي صاحبه كذلك نمو سكاني في العالم في العقود الأخيرة، اتضح أثر الإنسان السلبي على البيئة، الذي عادة ما تسببه الشركات بعملياتها التصنيعية أو غيرها.', CAST(N'2019-12-01T22:42:00.000' AS DateTime), N'2016716 at https://aawsat.com', 3, N'https://aawsat.com/home/article/2016716/د-عبد-الله-الردادي/مفهوم-الاستدامة')
INSERT [dbo].[NewsTBL] ([Id], [title], [description], [pubDate], [enclosure], [FeedId], [URL]) VALUES (54, N'هل تنقذ قمة لندن «الناتو» من «الموت الدماغي»؟', N'يحتفل حلف شمال الأطلسي (الناتو)، التحالف الأكثر نجاحاً في التاريخ، في الرابع والخامس من ديسمبر (كانون الأول) من العام الحالي، بالذكرى السنوية السبعين في لندن. وربما لا تكون لفظة «الاحتفال» هي أفضل ما يمكن به توصيف الواقع الراهن للحلف، إذ هناك الكثير من القتامة والكآبة تحيط بالقمة الدولية المزمع انعقادها لرؤساء مختلف الدول والحكومات من أوروبا، والولايات المتحدة، وكندا، وتركيا.', CAST(N'2019-12-01T22:41:53.000' AS DateTime), N'2016711 at https://aawsat.com', 3, N'https://aawsat.com/home/article/2016711/ميشال-دوكلو/هل-تنقذ-قمة-لندن-«الناتو»-من-«الموت-الدماغي»؟')
INSERT [dbo].[NewsTBL] ([Id], [title], [description], [pubDate], [enclosure], [FeedId], [URL]) VALUES (55, N'قمة العشرين في الرياض... مفاتيح حلول ملفات التنمية الاقتصادية المعقدة', N'تولت السعودية أمس، رسمياً، رئاسة مجموعة العشرين، لتكون الرياض محط أنظار العالم والقرار الدولي، في وقت تتزايد فيه الضغوطات الاقتصادية الدولية بفعل التطورات الطبيعية منها والمستحدثة، التي خلفت أزمات وتعقيدات وتوترات متصاعدة، تتشابك في تداخلاتها لتشكل معرقلات جديدة في النمو الاقتصادي العالمي.', CAST(N'2019-12-01T22:41:30.000' AS DateTime), N'2016706 at https://aawsat.com', 3, N'https://aawsat.com/home/article/2016706/قمة-العشرين-في-الرياض-مفاتيح-حلول-ملفات-التنمية-الاقتصادية-المعقدة')
INSERT [dbo].[NewsTBL] ([Id], [title], [description], [pubDate], [enclosure], [FeedId], [URL]) VALUES (56, N'تطمينات حول معدل السيولة وحجم القروض المكتتب بها في «أرامكو»', N'في وقت تتسابق فيه المؤسسات الاستثمارية للفوز بحصة في شريحة المؤسسات بالاكتتاب في أسهم أكبر طرح تشهده الأسواق العالمية في شركة «أرامكو» السعودية، أكدت مؤسسة النقد العربي السعودي (ساما) أمس، أن الوضع المالي للبنوك في المملكة مطمئن جداً من حيث حجم السيولة ومعدلات الإقراض المقدمة للاكتتاب.<br />وقال الدكتور أحمد الخليفي، محافظ مؤسسة النقد السعودي «ساما» لـ«الشرق الأوسط»: «تأكدنا تماماً أن وضع السيولة في البنوك في المملكة مطمئن جداً، ونقوم على مراقبته بشكل يومي ولدينا بيانات يومية وبيانات أسبوعية».', CAST(N'2019-12-01T22:41:23.000' AS DateTime), N'2016701 at https://aawsat.com', 3, N'https://aawsat.com/home/article/2016701/تطمينات-حول-معدل-السيولة-وحجم-القروض-المكتتب-بها-في-«أرامكو»')
INSERT [dbo].[NewsTBL] ([Id], [title], [description], [pubDate], [enclosure], [FeedId], [URL]) VALUES (57, N'المرحلة الأولى للاتفاق التجاري بين أميركا والصين مرهونة بإلغاء التعريفات', N'قالت صحيفة «غلوبال تايمز» الصينية أمس الأحد، نقلاً عن مصادر لم تحددها، إن بكين تصر على ضرورة أن يكون إلغاء التعريفات الجمركية جزءاً من المرحلة الأولى في اتفاق تجاري مع واشنطن، وسط استمرار الغموض بشأن ما إذا كان بوسع الجانبين التوصل لاتفاق.<br />وقالت «غلوبال تايمز»، التي تنشرها صحيفة «الشعب» اليومية الرسمية الناطقة بلسان الحزب الشيوعي الصيني الحاكم: «تعهد الولايات بإلغاء التعريفات والمقرر في 15 ديسمبر (كانون الأول) لا يمكن أن يحل محل التراجع عن هذه التعريفات»؛ في إشارة إلى رسوم إضافية ستفرض على الواردات من الصين في حالة عدم التوصل لاتفاق.', CAST(N'2019-12-01T22:41:21.000' AS DateTime), N'2016696 at https://aawsat.com', 3, N'https://aawsat.com/home/article/2016696/المرحلة-الأولى-للاتفاق-التجاري-بين-أميركا-والصين-مرهونة-بإلغاء-التعريفات')
INSERT [dbo].[NewsTBL] ([Id], [title], [description], [pubDate], [enclosure], [FeedId], [URL]) VALUES (58, N'«أوبك» وحلفاؤها يدرسون زيادة تخفيضات الإنتاج إلى 1.6 مليون برميل يومياً', N'قال وزير النفط العراقي ثامر الغضبان أمس (الأحد)، إن منظمة أوبك وحلفاءها سيدرسون زيادة تخفيضات الإنتاج الحالية بنحو 400 ألف برميل يومياً لتصل إلى 1.6 مليون برميل يومياً.<br />وصرح الغضبان للصحافيين في بغداد بأن المنظمة وحلفاءها فيما يعرف بـ«أوبك+» سيدرسون زيادة التخفيضات في اجتماعات من المقرر أن تعقد في فيينا الأسبوع الحالي.<br />ونسق مصدرو النفط في مجموعة «أوبك+» تخفيضات إنتاج على مدار 3 سنوات لتحقيق توازن في السوق ودعم الأسعار. ويقضي الاتفاق الحالي بخفض الإمدادات بواقع 1.2 مليون برميل يومياً بدءاً من يناير (كانون الثاني) من العام الحالي وحتى نهاية مارس (آذار) المقبل.', CAST(N'2019-12-01T22:41:18.000' AS DateTime), N'2016691 at https://aawsat.com', 3, N'https://aawsat.com/home/article/2016691/«أوبك»-وحلفاؤها-يدرسون-زيادة-تخفيضات-الإنتاج-إلى-16-مليون-برميل-يومياً')
INSERT [dbo].[NewsTBL] ([Id], [title], [description], [pubDate], [enclosure], [FeedId], [URL]) VALUES (59, N'رئيس {الطائرات المروحية}: نسعى لأن نكون من أهم وسائل النقل في السعودية', N'«توفير الوقت» بهذه الجملة يعتقد رئيس شركة الطائرات المروحية، التابعة لصندوق الاستثمارات العامة السعودي، أن تكون عمليات شركته في السعودية ذات جدوى تجارية، متطلعاً إلى أن يكون الانتقال بالطائرات المروحية واحدا من أهم وسائل النقل في المملكة، ومشيراً في الوقت نفسه إلى أن الشركة تعمل على تأسيس قاعدة للتشغيل التجاري للطائرات المروحية.', CAST(N'2019-12-01T22:41:11.000' AS DateTime), N'2016686 at https://aawsat.com', 3, N'https://aawsat.com/home/article/2016686/رئيس-الطائرات-المروحية-نسعى-لأن-نكون-من-أهم-وسائل-النقل-في-السعودية')
INSERT [dbo].[NewsTBL] ([Id], [title], [description], [pubDate], [enclosure], [FeedId], [URL]) VALUES (60, N'البورصات العربية تتجه لاستخدام نظام «بلوك تشين»', N'تتجه البورصات العربية لاستخدام نظام «بلوك تشين» (سلسلة الكتل)، المستخدم في العملات الرقمية، ضمن أنظمتها التكنولوجية، وذلك لتعزيز دور التكنولوجيا المالية في أسواق المال العربية، لرفع تنافسيتها بين الأسواق العالمية.', CAST(N'2019-12-01T22:41:08.000' AS DateTime), N'2016681 at https://aawsat.com', 3, N'https://aawsat.com/home/article/2016681/البورصات-العربية-تتجه-لاستخدام-نظام-«بلوك-تشين»')
INSERT [dbo].[NewsTBL] ([Id], [title], [description], [pubDate], [enclosure], [FeedId], [URL]) VALUES (61, N'رياضي / المنتخب السعودي تحت 16 عامًا يدشن تحضيراته لكأس آسيا', N'الرياض 04 ربيع الآخر 1441 هـ الموافق 01 ديسمبر 2019 م واس
    دشّن المنتخب السعودي تحت 16 عامًا اليوم تدريباته ضمن معسكره الإعدادي في جدة، الذي يمتد حتى الرابع من الشهر الجاري،... ', CAST(N'2019-12-02T00:39:12.000' AS DateTime), N'http://www.spa.gov.sa/details.php?id=2005533', 4, N'http://www.spa.gov.sa/details.php?id=2005533')
INSERT [dbo].[NewsTBL] ([Id], [title], [description], [pubDate], [enclosure], [FeedId], [URL]) VALUES (62, N'عام / سمو أمير منطقة الحدود الشمالية ينوه بتولي المملكة رئاسة مجموعة العشرين لعام 2020', N'عرعر 04 ربيع الآخر 1441 هـ الموافق 01 ديسمبر 2019 م واس
    نوّه صاحب السمو الملكي الأمير فيصل بن خالد بن سلطان بن عبدالعزيز أمير منطقة الحدود الشمالية، بترؤس المملكة لمجموعة... ', CAST(N'2019-12-02T00:38:32.000' AS DateTime), N'http://www.spa.gov.sa/details.php?id=2005532', 4, N'http://www.spa.gov.sa/details.php?id=2005532')
INSERT [dbo].[NewsTBL] ([Id], [title], [description], [pubDate], [enclosure], [FeedId], [URL]) VALUES (63, N'عام / الدكتور بنتن يستقبل رئيس الهيئة العليا للحج والعمرة بجمهورية العراق ويبحثان ترتيبات موسم حج 1441هـ', N'مكة المكرمة 04 ربيع الآخر 1441 هـ الموافق 01 ديسمبر 2019 م واس
    استقبل معالي وزير الحج والعمرة الدكتور محمد صالح بن طاهر بنتن في مكتبه بمكة المكرمة اليوم رئيس الهيئة العليا... ', CAST(N'2019-12-02T00:13:55.000' AS DateTime), N'http://www.spa.gov.sa/details.php?id=2005527', 4, N'http://www.spa.gov.sa/details.php?id=2005527')
INSERT [dbo].[NewsTBL] ([Id], [title], [description], [pubDate], [enclosure], [FeedId], [URL]) VALUES (64, N'عام / وزير الحج والعمرة ووزير الأوقاف والشؤون الإسلامية بمملكة المغرب يعقدان اجتماعًا لمناقشة ترتيبات موسم حج 1441هـ', N'مكة المكرمة 04 ربيع الآخر 1441 هـ الموافق 01 ديسمبر 2019 م واس
    استقبل معالي وزير الحج والعمرة الدكتور محمد صالح بن طاهر بنتن في مكتبه بمكة المكرمة اليوم  معالي وزير الأوقاف... ', CAST(N'2019-12-02T00:13:48.000' AS DateTime), N'http://www.spa.gov.sa/details.php?id=2005526', 4, N'http://www.spa.gov.sa/details.php?id=2005526')
INSERT [dbo].[NewsTBL] ([Id], [title], [description], [pubDate], [enclosure], [FeedId], [URL]) VALUES (65, N'ذكرى البيعة / نائب وزير الحج والعمرة يرفع التهنئة لخادم الحرمين الشريفين بمناسبة الذكرى الخامسة للبيعة', N'مكة المكرمة 04 ربيع الآخر 1441 هـ الموافق 01 ديسمبر 2019 م واس
    رفع معالي نائب وزير الحج والعمرة الدكتور عبدالفتاح بن سليمان مشاط التهنئة لخادم الحرمين الشريفين الملك سلمان... ', CAST(N'2019-12-01T23:57:32.000' AS DateTime), N'http://www.spa.gov.sa/details.php?id=2005525', 4, N'http://www.spa.gov.sa/details.php?id=2005525')
INSERT [dbo].[NewsTBL] ([Id], [title], [description], [pubDate], [enclosure], [FeedId], [URL]) VALUES (66, N'عام / معالي وزير الحج والعمرة ومعالي وزير شؤون الأقليات بجمهورية الهند يعقدان اجتماعًا لبحث ترتيبات موسم حج 1441هـ', N'مكة المكرمة 04 ربيع الآخر 1441 هـ الموافق 01 ديسمبر 2019 م واس
    استقبل معالي وزير الحج والعمرة الدكتور محمد صالح بن طاهر بنتن في مكتبه بمكة المكرمة اليوم معالي وزير شؤون الأقليات... ', CAST(N'2019-12-01T23:48:53.000' AS DateTime), N'http://www.spa.gov.sa/details.php?id=2005523', 4, N'http://www.spa.gov.sa/details.php?id=2005523')
INSERT [dbo].[NewsTBL] ([Id], [title], [description], [pubDate], [enclosure], [FeedId], [URL]) VALUES (67, N'عام / محافظ بارق يدشن حملة التطعيم ضد شلل الأطفال', N'محايل 04 ربيع الآخر 1441 هـ الموافق 01 ديسمبر 2019 م واس
    دشن محافظ بارق مفرح بن زايد البناوي بمكتبه في المحافظة اليوم حملة التطعيم ضد شلل الأطفال لمن هم أقل من خمس سنوات, بحضور... ', CAST(N'2019-12-01T23:33:55.000' AS DateTime), N'http://www.spa.gov.sa/details.php?id=2005522', 4, N'http://www.spa.gov.sa/details.php?id=2005522')
INSERT [dbo].[NewsTBL] ([Id], [title], [description], [pubDate], [enclosure], [FeedId], [URL]) VALUES (68, N'ذكرى البيعة / الدكتور السماري ينوه بما شهدته المملكة من تطور وتنمية في شتى المجالات خلال السنوات الخمس الماضية', N'الرياض 04 ربيع الآخر 1441 هـ الموافق 01 ديسمبر 2019 م واس
    نوه معالي الأمين العام المكلف لدارة الملك عبدالعزيز الدكتور فهد بن عبدالله السماري بما تشهده المملكة من تطور ومسيرة... ', CAST(N'2019-12-01T23:33:02.000' AS DateTime), N'http://www.spa.gov.sa/details.php?id=2005521', 4, N'http://www.spa.gov.sa/details.php?id=2005521')
INSERT [dbo].[NewsTBL] ([Id], [title], [description], [pubDate], [enclosure], [FeedId], [URL]) VALUES (69, N'اجتماعي / محافظ أملج يرعى ملتقى موظفي مستشفى المحافظة', N'أملج  04 ربيع الآخر 1441 هـ الموافق 01 ديسمبر 2019 م واس
    رعى محافظ أملج زياد بن عبدالمحسن البازعي اليوم ملتقى الموظفين الجدد الذي نظمته إدارة التواصل الداخلى بصحة أملج، بحضور... ', CAST(N'2019-12-01T23:32:05.000' AS DateTime), N'http://www.spa.gov.sa/details.php?id=2005520', 4, N'http://www.spa.gov.sa/details.php?id=2005520')
INSERT [dbo].[NewsTBL] ([Id], [title], [description], [pubDate], [enclosure], [FeedId], [URL]) VALUES (70, N'اقتصادي / السودان توقع وثيقة تأييد العقود مع صندوق النقد العربي', N'الخرطوم 04 ربيع الآخر 1441 هـ الموافق 01 ديسمبر 2019 م  واس
    وقّعت جمهورية السودان اليوم على وثيقة تأييد القروض المبرمة مع صندوق النقد العربي.
    وقع الاتفاقية التي تمت بمقر... ', CAST(N'2019-12-01T23:03:18.000' AS DateTime), N'http://www.spa.gov.sa/details.php?id=2005508', 4, N'http://www.spa.gov.sa/details.php?id=2005508')
INSERT [dbo].[NewsTBL] ([Id], [title], [description], [pubDate], [enclosure], [FeedId], [URL]) VALUES (71, N'عام / محافظ ظهران الجنوب يدشن حملة التطعيم ضد شلل الأطفال', N'ظهران الجنوب 04 ربيع الآخر 1441 هـ الموافق 01 ديسمبر 2019 م واس
    دشّن محافظ ظهران الجنوب محمد بن فلاح القرقاح اليوم,بمستشفى ظهران الجنوب الجرعة الأولى من حملة التطعيم ضد شلل... ', CAST(N'2019-12-01T22:51:12.000' AS DateTime), N'http://www.spa.gov.sa/details.php?id=2005505', 4, N'http://www.spa.gov.sa/details.php?id=2005505')
INSERT [dbo].[NewsTBL] ([Id], [title], [description], [pubDate], [enclosure], [FeedId], [URL]) VALUES (72, N'عام / تدشين حملة التطعيم ضد شلل الأطفال بمركز الموسم', N'الموسم ٤ ربيع الثاني ١٤٤١ الموافق ١ديسمبر ٢٠١٩م واس
    دشن رئيس مركز الموسم الدكتور خفير بن زارع العمري اليوم حملة التطعيم ضد شلل الأطفال، وذلك في إطار جهود المركز الوقائية... ', CAST(N'2019-12-01T22:49:31.000' AS DateTime), N'http://www.spa.gov.sa/details.php?id=2005504', 4, N'http://www.spa.gov.sa/details.php?id=2005504')
INSERT [dbo].[NewsTBL] ([Id], [title], [description], [pubDate], [enclosure], [FeedId], [URL]) VALUES (73, N'عام / مقتل جندي باكستاني بهجوم على نقطة حدودية مع أفغانستان', N'إسلام آباد 04 ربيع الآخر 1441 هـ الموافق 01 ديسمبر 2019 م  واس
    لقي جندي من عناصر قوات حرس الحدود الباكستانية وأصيب اثنان آخران جراء هجوم نفذه مسلحون مجهولون اليوم على نقطة... ', CAST(N'2019-12-01T22:48:18.000' AS DateTime), N'http://www.spa.gov.sa/details.php?id=2005503', 4, N'http://www.spa.gov.sa/details.php?id=2005503')
INSERT [dbo].[NewsTBL] ([Id], [title], [description], [pubDate], [enclosure], [FeedId], [URL]) VALUES (74, N'رياضي / فريق الأمن العام يتوج نجاحاته ويحقق المركز الأول في ثلاث فئات في ختام منافسات رالي الرياض', N'الرياض 04 ربيع الآخر 1441 هـ الموافق 01 ديسمبر 2019 م واس
    واصل فريق الأمن العام للسيارات والدراجات النارية توهجه في سباقات رالي الرياض (2019) بعد تحقيقه أمس للمركز الأول في... ', CAST(N'2019-12-01T22:32:08.000' AS DateTime), N'http://www.spa.gov.sa/details.php?id=2005500', 4, N'http://www.spa.gov.sa/details.php?id=2005500')
INSERT [dbo].[NewsTBL] ([Id], [title], [description], [pubDate], [enclosure], [FeedId], [URL]) VALUES (75, N'ذكرى البيعة / محافظ الهيئة العامة لعقارات الدولة: خمس سنوات من التطور والازدهار والتغيرات على جميع الأصعدة', N'الرياض 04 ربيع الآخر 1441 هـ الموافق 01 ديسمبر 2019 م واس
    رفع معالي محافظ الهيئة العامة لعقارات الدولة الأستاذ إحسان بن عباس بافقيه ، التهنئة لخادم الحرمين الشريفين الملك... ', CAST(N'2019-12-01T22:17:10.000' AS DateTime), N'http://www.spa.gov.sa/details.php?id=2005497', 4, N'http://www.spa.gov.sa/details.php?id=2005497')
INSERT [dbo].[NewsTBL] ([Id], [title], [description], [pubDate], [enclosure], [FeedId], [URL]) VALUES (76, N'على السمع والطاعة', N' نعيش هذه الأيام الجميلة على ذكرى البيعة الخامسة لتولي مولاي خادم الحرمين الشريفين الملك سلمان بن عبدالعزيز «حفظه الله»، لمقاليد الحكم في بلادنا الغالي...', CAST(N'2019-12-02T01:56:39.000' AS DateTime), N'https://ajel.sa/W4xgQZ/', 6, N'https://ajel.sa/W4xgQZ/')
INSERT [dbo].[NewsTBL] ([Id], [title], [description], [pubDate], [enclosure], [FeedId], [URL]) VALUES (77, N'محمد الدعيع يخطف الأنظار في مهرجان اعتزال ياسر القحطاني.. فلماذا اعتزل؟', N' استطاع الأسطورة محمد الدعيع حارس مرمى نادي الهلال والمنتخب السعودي سابقًا، أن يلفت الأنظار خلال المباراة الاحتفالية التي أقيمت أمس الأحد، بين فريق نجو...', CAST(N'2019-12-02T01:47:26.000' AS DateTime), N'https://ajel.sa/DtLZkX/', 6, N'https://ajel.sa/DtLZkX/')
INSERT [dbo].[NewsTBL] ([Id], [title], [description], [pubDate], [enclosure], [FeedId], [URL]) VALUES (78, N'وزير الحج والعمرة يوقع مع مسؤولين هنود اتفاقية حج 1441هـ', N' استقبل وزير الحج والعمرة الدكتور محمد صالح بن طاهر بنتن، في مكتبه بمكة المكرمة، أمس الأحد، وزير شؤون الأقليات بحكومة الهند مختار عباس نقوي، والوفد الم...', CAST(N'2019-12-02T01:23:43.000' AS DateTime), N'https://ajel.sa/Vm35z9/', 6, N'https://ajel.sa/Vm35z9/')
INSERT [dbo].[NewsTBL] ([Id], [title], [description], [pubDate], [enclosure], [FeedId], [URL]) VALUES (79, N'ميسي يعيد صدارة الدوري الإسباني لبرشلونة بهدف قاتل في أتلتيكو', N' قاد الساحر الأرجنتيني ليونيل ميسي، مساء أمس الأحد، فريقه برشلونة لاجتياز إحدى العقبات الصعبة في حملة الفريق الكتالوني للاحتفاظ بلقب الدوري الإسباني لل...', CAST(N'2019-12-02T01:16:06.000' AS DateTime), N'https://ajel.sa/2gFBqN/', 6, N'https://ajel.sa/2gFBqN/')
INSERT [dbo].[NewsTBL] ([Id], [title], [description], [pubDate], [enclosure], [FeedId], [URL]) VALUES (80, N'مهرجان الملك عبدالعزيز للصقور يتوِّج الفائزين بمسابقة الملواح في يومها الأول', N' توَّج مهرجان الملك عبدالعزيز للصقور في نسخته الثانية، الفائزين في مسابقة الدعو (الملواح) 400 متر، والتي انطلقت في يومها الأول بأربعة أشواط تأهيليَّة ل...', CAST(N'2019-12-02T00:54:01.000' AS DateTime), N'https://ajel.sa/Y3HCPn/', 6, N'https://ajel.sa/Y3HCPn/')
INSERT [dbo].[NewsTBL] ([Id], [title], [description], [pubDate], [enclosure], [FeedId], [URL]) VALUES (81, N'إنهاء معاناة مصاب تعرض لتهتك في أنسجة الوجه في حادث سير', N' نجح فريق طبي بمستشفى المهد العام في إجراء تدخل طبي ناجح مع حالة مصاب في حادث سير أدى إلى تهتك في أنسجة الوجه والأوعية الدموية بها.  وأجريت للمصاب الإس...', CAST(N'2019-12-02T00:00:25.000' AS DateTime), N'https://ajel.sa/H6dJjx/', 6, N'https://ajel.sa/H6dJjx/')
INSERT [dbo].[NewsTBL] ([Id], [title], [description], [pubDate], [enclosure], [FeedId], [URL]) VALUES (82, N'مقتل 21 شخصًا في اشتباك بين الأمن المكسيكي ومهربي المخدرات', N' قُتل ما لا يقل عن 21 شخصًا خلال يومي السبت والأحد، في اشتباكات بين قوات الأمن ومهربي المخدرات في ولاية كواهويلا المكسيكية.  ووفقًا لحكومة كواهويلا، ها...', CAST(N'2019-12-01T23:50:56.000' AS DateTime), N'https://ajel.sa/2fCj4h/', 6, N'https://ajel.sa/2fCj4h/')
INSERT [dbo].[NewsTBL] ([Id], [title], [description], [pubDate], [enclosure], [FeedId], [URL]) VALUES (83, N'بالفيديو.. ياسر القحطاني يتغلب على محمد الدعيع في تحدي السيارة', N' تمكن الحارس الدولي المعتزل محمد الدعيع من خطف الأنظار في مباراة تكريم ووداع نجم فريق الهلال والكرة السعودية السابق ياسر القحطاني، بعدما أظهر قدرات فني...', CAST(N'2019-12-01T23:46:31.000' AS DateTime), N'https://ajel.sa/CXRBD5/', 6, N'https://ajel.sa/CXRBD5/')
INSERT [dbo].[NewsTBL] ([Id], [title], [description], [pubDate], [enclosure], [FeedId], [URL]) VALUES (84, N'فلسطين تدين قرار الاحتلال إقامة حي استيطاني جديد في الضفة الغربية', N' أدانت الرئاسة الفلسطينية مساء اليوم الأحد، قرار إسرائيل إقامة مشروع استيطاني جديد في الخليل جنوب الضفة الغربية.

وأكدت الرئاسة في بيان نشرته وكالة الأ...', CAST(N'2019-12-01T23:44:41.000' AS DateTime), N'https://ajel.sa/fRJX7B/', 6, N'https://ajel.sa/fRJX7B/')
INSERT [dbo].[NewsTBL] ([Id], [title], [description], [pubDate], [enclosure], [FeedId], [URL]) VALUES (85, N'الأخضر السعودي يختتم استعداداته لمواجهة منتخب عمان غدًا', N' أنهى المنتخب السعودي لكرة القدم، اليوم، استعداداته لمواجه منتخب عمان، غدًا الاثنين، في ختام دور المجموعات من كأس الخليج في نسخته الـ24.  وقد استعد الم...', CAST(N'2019-12-01T23:21:40.000' AS DateTime), N'https://ajel.sa/Bkmy6C/', 6, N'https://ajel.sa/Bkmy6C/')
INSERT [dbo].[NewsTBL] ([Id], [title], [description], [pubDate], [enclosure], [FeedId], [URL]) VALUES (86, N'ياسر القحطاني يودِّع الملاعب في ليلة أسطورية', N' في ليلة تاريخية وأسطورية، شهدها ملعب جامعة الملك سعود بالرياض، ودَّع نجم فريق الهلال والكرة السعودية السابق، ياسر القحطاني، الملاعب رسميًا وبشكل نهائي...', CAST(N'2019-12-01T23:20:08.000' AS DateTime), N'https://ajel.sa/tSX7KW/', 6, N'https://ajel.sa/tSX7KW/')
INSERT [dbo].[NewsTBL] ([Id], [title], [description], [pubDate], [enclosure], [FeedId], [URL]) VALUES (87, N'قصة سعودي احترف صناعة «السدو» من والدته.. يغزل بيده ألونًا مبهجة', N' تعد صناعة السدو واستخدام الصوف جزءًا من أساس المنزل، وإحدى الحرف القديمة التي برع فيها سكان الجزيرة العربية والبادية، متشكلة بألوانها العديدة وتشكيلات...', CAST(N'2019-12-01T23:19:39.000' AS DateTime), N'https://ajel.sa/hjGXJB/', 6, N'https://ajel.sa/hjGXJB/')
INSERT [dbo].[NewsTBL] ([Id], [title], [description], [pubDate], [enclosure], [FeedId], [URL]) VALUES (88, N'غدًا.. حفل توزيع جوائز الكرة الذهبية «بالون دور 2019»', N' تتجه أنظار عشاق الساحرة المستديرة صوب العاصمة الفرنسية باريس، غدًا الاثنين، لمتابعة حفل توزيع جوائز الكرة الذهبية «بالون دور 2019» الذي تقدمه مجلة «فر...', CAST(N'2019-12-01T23:05:28.000' AS DateTime), N'https://ajel.sa/GSbdym/', 6, N'https://ajel.sa/GSbdym/')
INSERT [dbo].[NewsTBL] ([Id], [title], [description], [pubDate], [enclosure], [FeedId], [URL]) VALUES (89, N'بنتن: قطاع الحج شهد في عهد الملك سلمان مشاريع لخدمة جميع المسلمين', N' أكد وزير الحج والعمرة الدكتور محمد بن صالح بنتن، أن قطاع الحج والعمرة شهد خلال السنوات الخمس الأخيرة، تغييرات مختلفة، ونهض بمشاريع عمرانية وإدارية سيس...', CAST(N'2019-12-01T23:02:19.000' AS DateTime), N'https://ajel.sa/PRv53y/', 6, N'https://ajel.sa/PRv53y/')
INSERT [dbo].[NewsTBL] ([Id], [title], [description], [pubDate], [enclosure], [FeedId], [URL]) VALUES (90, N'مليون ريال والسجن 10 سنوات عقوبة الاعتداء على موظف الجمارك', N' حذرت هيئة الجمارك السعودية، من الاعتداء على أحد موظفيها، مؤكدة أن عقوبة هذه الأفعال تصل إلى مليون ريال غرامة والسجن 10 سنوات.  وقالت الجمارك السعودية،...', CAST(N'2019-12-01T22:40:31.000' AS DateTime), N'https://ajel.sa/qThcxw/', 6, N'https://ajel.sa/qThcxw/')
INSERT [dbo].[NewsTBL] ([Id], [title], [description], [pubDate], [enclosure], [FeedId], [URL]) VALUES (91, N'رئيس مجلس «النواب» الليبي يصل الرياض', N' وصل إلى الرياض، اليوم الأحد، رئيس مجلس النواب الليبي عقيلة صالح.  وكان في استقبال الضيف الليبي، بمطار الملك خالد الدولي بالرياض وزير الدولة لشؤون الدو...', CAST(N'2019-12-01T22:31:54.000' AS DateTime), N'https://ajel.sa/cpP5vm/', 6, N'https://ajel.sa/cpP5vm/')
INSERT [dbo].[NewsTBL] ([Id], [title], [description], [pubDate], [enclosure], [FeedId], [URL]) VALUES (92, N'بالفيديو.. ياسر القحطاني يحرز هدفًا لـ«Y20» ونجوم الهلال يتقدم 3-1', N' انتهى الشوط الأول من مباراة فريقي نجوم الهلال و«Y20» المقامة مساء اليوم الأحد، ضمن فقرات مهرجان اعتزال وتكريم نجم الهلال والمنتخب السعودي السابق، ياسر...', CAST(N'2019-12-01T22:26:24.000' AS DateTime), N'https://ajel.sa/WDZdwP/', 6, N'https://ajel.sa/WDZdwP/')
INSERT [dbo].[NewsTBL] ([Id], [title], [description], [pubDate], [enclosure], [FeedId], [URL]) VALUES (93, N'بريطانيا تجري مراجعة عاجلة لـ70 إرهابيًّا بعد حادث جسر لندن', N' يخضع نحو 70 إرهابيًّا كان تم إطلاق سراحهم من سجون بريطانيا، لعملية مراجعة عاجلة من قبل السلطات، عقب هجوم الطعن الإرهابي في وسط لندن، الذي أسفر عن مقتل...', CAST(N'2019-12-01T22:23:26.000' AS DateTime), N'https://ajel.sa/rj7WyT/', 6, N'https://ajel.sa/rj7WyT/')
INSERT [dbo].[NewsTBL] ([Id], [title], [description], [pubDate], [enclosure], [FeedId], [URL]) VALUES (94, N'انخفاض أسعار عملات بيتكوين وإثريوم والريبل المشفرة', N' سجلت العملة الرقمية المشفرة «بيتكوين» انخفاضًا بنسبة 3% منذ الساعة الخامسة من مساء السبت (بتوقيت نيويورك)؛ ليصل سعرها إلى سبعة آلاف 323 دولارًا، عند ا...', CAST(N'2019-12-01T22:23:25.000' AS DateTime), N'https://ajel.sa/XMLFfx/', 6, N'https://ajel.sa/XMLFfx/')
INSERT [dbo].[NewsTBL] ([Id], [title], [description], [pubDate], [enclosure], [FeedId], [URL]) VALUES (95, N'تركي آل الشيخ يوجه بدراسة إقامة مهرجانَي تكريم لسعيد العويران وخالد مسعد', N' أعلن رئيس هيئة الترفيه تركي آل الشيخ، أنه طلب من هيئة الترفيه دراسة إقامة مهرجاني تكريم لكل من نجم فريق الشباب والمنتخب السعودي سابقًا سعيد العويران، ...', CAST(N'2019-12-01T22:23:14.000' AS DateTime), N'https://ajel.sa/CcJsLX/', 6, N'https://ajel.sa/CcJsLX/')
INSERT [dbo].[NewsTBL] ([Id], [title], [description], [pubDate], [enclosure], [FeedId], [URL]) VALUES (96, N'مظاهرات العراق: البرلمان يصدق على استقالة رئيس الوزراء عادل عبد المهدي', N'البرلمان العراقي يصدق في اجتماعه الأحد على استقالة رئيس الوزراء، عادل عبد المهدي، بعد أحداث دامية في بغداد والناصرية قتل فيها العشرات.', CAST(N'2019-12-01T17:19:29.000' AS DateTime), N'http://www.bbc.co.uk/arabic/middleeast-50620343', 7, N'http://www.bbc.co.uk/arabic/middleeast-50620343')
INSERT [dbo].[NewsTBL] ([Id], [title], [description], [pubDate], [enclosure], [FeedId], [URL]) VALUES (97, N'بوريس جونسون: 74 سجينا بتهم مرتبطة بالإرهاب غادروا السجن مبكرا', N'رئيس الوزراء البريطاني بوريس جونسون يقول إن 74 سجينا بتهم تتعلق بالإرهاب نالوا حريتهم مبكرا.', CAST(N'2019-12-01T17:14:44.000' AS DateTime), N'http://www.bbc.co.uk/arabic/world-50621784', 7, N'http://www.bbc.co.uk/arabic/world-50621784')
INSERT [dbo].[NewsTBL] ([Id], [title], [description], [pubDate], [enclosure], [FeedId], [URL]) VALUES (98, N'اللغة السنسكريتية: لماذا يرفض طلبة هندوس قيام بروفيسور مسلم بتدريسها؟', N'يواصل طلبة في مدينة فاراناسي شمال الهند احتجاجاتهم على قيام مدرس مسلم بتعليم اللغة السنسكريتية، ما القصة وراء ذلك؟', CAST(N'2019-12-01T05:29:34.000' AS DateTime), N'http://www.bbc.co.uk/arabic/world-50614749', 7, N'http://www.bbc.co.uk/arabic/world-50614749')
INSERT [dbo].[NewsTBL] ([Id], [title], [description], [pubDate], [enclosure], [FeedId], [URL]) VALUES (99, N' تفاح أمريكي يمكن تخزينه عاما كاملا ', N'جامعة ولاية واشنطن الأمريكية الحكومية تطور نوعا جديدا من التفاح، والولاية تحتكر زراعته لمدة 10 أعوام المقبلة.', CAST(N'2019-12-01T11:43:24.000' AS DateTime), N'http://www.bbc.co.uk/arabic/science-and-tech-50620341', 7, N'http://www.bbc.co.uk/arabic/science-and-tech-50620341')
GO
INSERT [dbo].[NewsTBL] ([Id], [title], [description], [pubDate], [enclosure], [FeedId], [URL]) VALUES (100, N'تكنولوجيا التعرف على الوجه: الصين تلزم مواطنيها بالخضوع للتكنولوجيا الجديدة كشرط لاستخدام الهواتف الذكية', N'إجراء جديد في الصين يلزم المواطنين باستخدام تكنولوجيا التعرف الوجه كشرط لاستخدام خدمات الاتصالات والهواتف الذكية.', CAST(N'2019-12-01T12:24:38.000' AS DateTime), N'http://www.bbc.co.uk/arabic/science-and-tech-50621761', 7, N'http://www.bbc.co.uk/arabic/science-and-tech-50621761')
INSERT [dbo].[NewsTBL] ([Id], [title], [description], [pubDate], [enclosure], [FeedId], [URL]) VALUES (101, N'أيرلندا تقبض على "مجندة" سابقة بتنظيم الدولة بعد ترحيلها من تركيا', N'وزير العدل الأيرلندي يقول إن جميع الجهات المعنية في البلاد تتابع بدقة حالة ليزا سميث وابنتها التي تبلغ من العمر عامين.', CAST(N'2019-12-01T14:36:20.000' AS DateTime), N'http://www.bbc.co.uk/arabic/world-50621764', 7, N'http://www.bbc.co.uk/arabic/world-50621764')
INSERT [dbo].[NewsTBL] ([Id], [title], [description], [pubDate], [enclosure], [FeedId], [URL]) VALUES (102, N'الشرطة البريطانية تقول إنها قتلت رجلا في "حادث إرهابي" في لندن', N'هجوم لندن بريدج: مقتل رجل برصاص الشرطة بعد طعن عدة أشخاص', CAST(N'2019-11-29T18:09:50.000' AS DateTime), N'http://www.bbc.co.uk/arabic/media-50601452', 7, N'http://www.bbc.co.uk/arabic/media-50601452')
INSERT [dbo].[NewsTBL] ([Id], [title], [description], [pubDate], [enclosure], [FeedId], [URL]) VALUES (103, N'مهاجرات عالقات في تونس يقلن إنهن تعرضن "للاغتصاب" في ليبيا', N'لاتزال تونس تستقبل مئات المهاجرين أو طالبي اللجوء سنويا، يصل معظمهم برا أو بحرا من الجارة ليبيا. ويقول عدد منهم لبي بي سي إنهم تعرضوا لشتى صنوف العنف والتنكيل والإساءة.', CAST(N'2019-11-29T16:50:27.000' AS DateTime), N'http://www.bbc.co.uk/arabic/media-50607037', 7, N'http://www.bbc.co.uk/arabic/media-50607037')
INSERT [dbo].[NewsTBL] ([Id], [title], [description], [pubDate], [enclosure], [FeedId], [URL]) VALUES (104, N'البلاستيك: كيف تحولت المادة الأكثر استخدامًا إلى خطر يهدد كوكبنا؟', N'البلاستيك مادة موجودة في أكثر الأشياء التي يستخدمها الإنسان في حياته اليومية. فكيف تحول إلى خطر يهدد مستقبل الحياة على كوكب الأرض؟', CAST(N'2019-11-30T10:59:28.000' AS DateTime), N'http://www.bbc.co.uk/arabic/media-50607035', 7, N'http://www.bbc.co.uk/arabic/media-50607035')
INSERT [dbo].[NewsTBL] ([Id], [title], [description], [pubDate], [enclosure], [FeedId], [URL]) VALUES (105, N'لماذا انتشرت هذه الرقصة النسوية؟', N'فيديو يظهر أداء جماعيا في الشوارع في العاصمة سانتياغو وقد انتشر بقوة في كل البلدان الناطقة بالإسبانية، وخلال تلك الرقصة تتهم المجموعة الدولة بالكامل بغض الطرف عن العنف ضد النساء', CAST(N'2019-11-29T10:45:30.000' AS DateTime), N'http://www.bbc.co.uk/arabic/media-50601445', 7, N'http://www.bbc.co.uk/arabic/media-50601445')
INSERT [dbo].[NewsTBL] ([Id], [title], [description], [pubDate], [enclosure], [FeedId], [URL]) VALUES (106, N'مظاهرات العراق: لماذا قررت ميلاد العودة إلى بغداد بعد 17 عاما؟', N'ميلاد، عراقية مقيمة في لندن ولم تزر بلادها منذ 17 عاماً. لم تستطع متابعة المظاهرات في بلادها عن بعد عبر شاشات التلفزيون والهاتف، فقررت زيارة بغداد وقضاء سبعة أيام في ساحة التحرير.', CAST(N'2019-11-28T15:54:55.000' AS DateTime), N'http://www.bbc.co.uk/arabic/media-50593001', 7, N'http://www.bbc.co.uk/arabic/media-50593001')
INSERT [dbo].[NewsTBL] ([Id], [title], [description], [pubDate], [enclosure], [FeedId], [URL]) VALUES (107, N'بي بي سي في حوار خاص مع الممثلة الأمريكية جينيفر آنستون', N'مراسل بي بي سي حسام عاصي في حوار مع الممثلة الأمريكية جينيفر آنستون حول مسلسل ذي مورنينغ شو ومساهمة شبكات البث الالكتروني في تعزيز التعددية في السينما والتلفزيون.', CAST(N'2019-11-29T15:35:45.000' AS DateTime), N'http://www.bbc.co.uk/arabic/media-50601449', 7, N'http://www.bbc.co.uk/arabic/media-50601449')
INSERT [dbo].[NewsTBL] ([Id], [title], [description], [pubDate], [enclosure], [FeedId], [URL]) VALUES (108, N'ما هو قانون النظام العام والقوانين التي تحد من حرية المرأة في السودان؟', N'بعد إلغاء ما يعرف بالنظام العام في السودان، ناشطون يطالبون بإلغاء أو تعديل مجمل منظومة القوانين التي تحد من حرية المرأة ومن بينها القانون الجنائي العام.', CAST(N'2019-12-01T02:52:08.000' AS DateTime), N'http://www.bbc.co.uk/arabic/middleeast-50617396', 7, N'http://www.bbc.co.uk/arabic/middleeast-50617396')
INSERT [dbo].[NewsTBL] ([Id], [title], [description], [pubDate], [enclosure], [FeedId], [URL]) VALUES (109, N'جسيمات غير مرئية في الهواء "تخترق الرئة وتسبب الوفاة"', N'ثمة ملوثات متناهية الصغر عالقة في الهواء قد تعجز عن رصدها أجهزة قياس جودة الهواء الحالية، يطلق عليها اسم الجسيمات النانوية. وتشير أبحاث حديثة إلى أن هذه المواد السامة الدقيقة قد تسبب الكثير من الأمراض وتؤدي إلى الموت.', CAST(N'2019-11-30T04:24:41.000' AS DateTime), N'http://www.bbc.co.uk/arabic/vert-fut-50587827', 7, N'http://www.bbc.co.uk/arabic/vert-fut-50587827')
INSERT [dbo].[NewsTBL] ([Id], [title], [description], [pubDate], [enclosure], [FeedId], [URL]) VALUES (110, N'"الجمعة البيضاء" و"الجمعة السوداء"..أصل الحكاية التي ينتظرها المستهلكون كل عام', N'تشهد الأسواق في العالم في شهر نوفمبر/تشرين الثاني من كل عام ما يعرف باسم الجمعة السوداء والجمعة البيضاء..، فما هي قصة كل منهما؟', CAST(N'2019-11-15T05:22:27.000' AS DateTime), N'http://www.bbc.co.uk/arabic/business-50423025', 7, N'http://www.bbc.co.uk/arabic/business-50423025')
INSERT [dbo].[NewsTBL] ([Id], [title], [description], [pubDate], [enclosure], [FeedId], [URL]) VALUES (111, N'جدل بعد حذف تيك توك لفيديو عن أقلية الإيغور المسلمة', N'حالة من الغضب بعد حذف تطبيق "تيك توك" الصيني لمنشور عن أقلية الإيغور المسلمة.', CAST(N'2019-11-30T11:08:21.000' AS DateTime), N'http://www.bbc.co.uk/arabic/science-and-tech-50610446', 7, N'http://www.bbc.co.uk/arabic/science-and-tech-50610446')
INSERT [dbo].[NewsTBL] ([Id], [title], [description], [pubDate], [enclosure], [FeedId], [URL]) VALUES (112, N'روما تعيد قطعة من مذود ميلاد المسيح إلى بيت لحم ', N'بابا الفاتيكان يعيد قطعة من مذود ميلاد المسيح بقيت أكثر من ألف عام في كنيسة سانتا ماريا ماجوري إلى بيت لحم كهدية مع حلول موسم الميلاد', CAST(N'2019-11-30T15:26:56.000' AS DateTime), N'http://www.bbc.co.uk/arabic/middleeast-50615388', 7, N'http://www.bbc.co.uk/arabic/middleeast-50615388')
INSERT [dbo].[NewsTBL] ([Id], [title], [description], [pubDate], [enclosure], [FeedId], [URL]) VALUES (113, N'نادي "فرسان الصليب" في نيوزيلندا يحتفظ باسمه ويغير شعاره بعد هجوم مسجدي كرايست تشيرتش', N'"كروسايدرز" أو "فرسان الصليب"، أشهر أندية نيوزيلندا في كرة الرغبي، يقرر الاحتفاظ باسمه مع تغيير شعاره، وذلك بعد مراجعة شاملة في البلاد بدأت في أعقاب سقوط 51 قتيلا في هجومين استهدفا مسجدين في مدينة كرايست تشيرش.', CAST(N'2019-11-29T12:32:51.000' AS DateTime), N'http://www.bbc.co.uk/arabic/sports-50602285', 7, N'http://www.bbc.co.uk/arabic/sports-50602285')
INSERT [dbo].[NewsTBL] ([Id], [title], [description], [pubDate], [enclosure], [FeedId], [URL]) VALUES (114, N'بوشاشي : أغلب أعضاء لجنة تنظيم الانتخابات من تعيين السلطة', N'مصطفى بوشاشي السياسي والناشط الحقوقي في الجزائر ينفي وجود شروط شفافة للانتخابات المرتقبة في بلاده لأن مئات الأشخاص الرافضين لها يقبعون في السجون.', CAST(N'2019-11-29T17:33:56.000' AS DateTime), N'http://www.bbc.co.uk/arabic/tv-and-radio-50607285', 7, N'http://www.bbc.co.uk/arabic/tv-and-radio-50607285')
INSERT [dbo].[NewsTBL] ([Id], [title], [description], [pubDate], [enclosure], [FeedId], [URL]) VALUES (115, N'فتاة مسلمة تجتاح تيك توك بحيلة مبتكرة عن معتقلات المسلمين في الصين', N'فيديو مبتكر لفتاة أمريكية عن معتقلات المسلمين في الصين يجتاح تيك توك', CAST(N'2019-11-28T16:59:34.000' AS DateTime), N'http://www.bbc.co.uk/arabic/trending-50594435', 7, N'http://www.bbc.co.uk/arabic/trending-50594435')
INSERT [dbo].[NewsTBL] ([Id], [title], [description], [pubDate], [enclosure], [FeedId], [URL]) VALUES (116, N'عالم الكتب: عن الـ"بوب فيكشن العربي" ومعرض الكويت', N'في الحلقة الجديدة من عالم الكتب، نتحدث عن الكتابة الشابة أو البوب فيكشن الذي يتصدر الساحة الروائية ولقاء مع الروائي المصري محمد صادق مؤلف رواية "هيبتا".', CAST(N'2019-11-27T11:08:27.000' AS DateTime), N'http://www.bbc.co.uk/arabic/media-50573948', 7, N'http://www.bbc.co.uk/arabic/media-50573948')
INSERT [dbo].[NewsTBL] ([Id], [title], [description], [pubDate], [enclosure], [FeedId], [URL]) VALUES (117, N'في الأوبزرفر: "العراق يواجه خطر التفكك، والعشائر تقف في وجه ميليشيات إيران"', N'تناولت صحف بريطانية في نسخها الورقية والرقمية صباح الأحد "مخاطر تفكك العراق ومواجهة العشائر لميليشيات إيران" و مفاجأة طالبان من تصريحات الرئيس الأمريكي دونالد ترامب حول مفاوضات وقف إطلاق النار" علاوة على انتقادات "لخضوع شركات التكنولوجيا الكبرى للحكومات".', CAST(N'2019-12-01T01:53:36.000' AS DateTime), N'http://www.bbc.co.uk/arabic/inthepress-50618532', 7, N'http://www.bbc.co.uk/arabic/inthepress-50618532')
INSERT [dbo].[NewsTBL] ([Id], [title], [description], [pubDate], [enclosure], [FeedId], [URL]) VALUES (118, N'مظاهرات العراق: بعد استقالة عبد المهدي، البحث عن "شخصية استثنائية"', N'أولت الصحف العربية وبخاصة العراقية، بنسختيها الورقية والإلكترونية، اهتماما بتقديم رئيس الوزراء العراقي عادل عبد المهدي استقالته إلى مجلس النواب.', CAST(N'2019-12-01T13:40:24.000' AS DateTime), N'http://www.bbc.co.uk/arabic/inthepress-50621781', 7, N'http://www.bbc.co.uk/arabic/inthepress-50621781')
INSERT [dbo].[NewsTBL] ([Id], [title], [description], [pubDate], [enclosure], [FeedId], [URL]) VALUES (119, N'اتفاق تركيا وليبيا: هل يشكل الاتفاق العسكري الأمني بشأن الحدود البحرية "تهديدا" لمصر؟', N'الاتفاق الليبي-التركي يحظى باهتمام عدة صحف عربية، بين مَن يرى فيه "خطرا داهما يهدد مصر"، بينما يرى آخرون أن الاتفاق من شأنه حماية حقوق ليبيا، وحقوق تركيا في منطقة شرق المتوسط.', CAST(N'2019-11-29T13:18:54.000' AS DateTime), N'http://www.bbc.co.uk/arabic/inthepress-50602288', 7, N'http://www.bbc.co.uk/arabic/inthepress-50602288')
INSERT [dbo].[NewsTBL] ([Id], [title], [description], [pubDate], [enclosure], [FeedId], [URL]) VALUES (120, N'كيف تحقق أفضل استفادة من النوم في عدد ساعات أقل؟', N'بعد ما صار بوسعنا الآن تعظيم الفوائد التي نجنيها من النوم، على صعيد استعادتنا للحيوية والنشاط؛ هل سيساعدنا ذلك على تعويض ما يصيبنا من إرهاق بسبب النوم متأخرا والاستيقاظ مبكرا في بعض الأوقات؟', CAST(N'2019-11-29T14:31:16.000' AS DateTime), N'http://www.bbc.co.uk/arabic/vert-cap-50577547', 7, N'http://www.bbc.co.uk/arabic/vert-cap-50577547')
INSERT [dbo].[NewsTBL] ([Id], [title], [description], [pubDate], [enclosure], [FeedId], [URL]) VALUES (121, N'كيف تستخدم الهند "المراهقين" سلاحا لمواجهة العنف ضد المرأة؟', N'يشهد العالم في كل يوم مقتل 137 امرأة، على يد شريك حياة أو أحد أفراد الأسرة. وفي محاولة لمواجهة العنف ضد المرأة من خلال التركيز على الدور الذي يلعبه الذكور في سن المراهقة في هذا الشأن، أُطلِقَ في الهند مشروع يحمل اسم "برنامج العمل من أجل المساواة".', CAST(N'2019-11-29T19:20:03.000' AS DateTime), N'http://www.bbc.co.uk/arabic/vert-fut-50587822', 7, N'http://www.bbc.co.uk/arabic/vert-fut-50587822')
INSERT [dbo].[NewsTBL] ([Id], [title], [description], [pubDate], [enclosure], [FeedId], [URL]) VALUES (122, N'بعد استقالة عادل عبد المهدي: إلى أين يمضي العراق؟', N'مجلس النواب العراقي يصادق على استقالة رئيس الوزراء عادل عبد المهدي ومراقبون يرون أن الاستقالة جاءت متأخرة وأدت إلى مقتل المزيد من المحتجين وسيناريوهات مختلفة بانتظار العراق بعد الاستقالة', CAST(N'2019-12-01T14:13:03.000' AS DateTime), N'http://www.bbc.co.uk/arabic/interactivity-50623018', 7, N'http://www.bbc.co.uk/arabic/interactivity-50623018')
INSERT [dbo].[NewsTBL] ([Id], [title], [description], [pubDate], [enclosure], [FeedId], [URL]) VALUES (123, N'لماذا تستمر موجة اعتقال صحفيين في مصر؟', N'طالبت منظمات دولية وعواصم غربية وازنة السلطات المصرية بالتوقف عن اعتقال صحفيين وحجب مواقع إخبارية إضافة إلى احترام حرية الصحافة وحقوق الإنسان والحريات العامة. يأتي هذا في أعقاب موجة اعتقالات صحفيين مصريين وأجانب متواصلة منذ سبتمبر/أيلول الماضي. فهل تستجيب القاهرة لهذه الدعوات؟', CAST(N'2019-11-28T17:22:13.000' AS DateTime), N'http://www.bbc.co.uk/arabic/interactivity-50594462', 7, N'http://www.bbc.co.uk/arabic/interactivity-50594462')
INSERT [dbo].[NewsTBL] ([Id], [title], [description], [pubDate], [enclosure], [FeedId], [URL]) VALUES (124, N'مظاهرات العراق: "أم تتصل هاتفيا بولدها القتيل" مشاهد موجعة من الناصرية توثقها مواقع التواصل', N'أحداث مؤلمة وثقتها مقاطع فيديو يتداولها نشطاء مواقع التواصل الاجتماعي في العراق. كانت ساحات المحافظات الجنوبية مسرحا لتلك الأحداث، إذ سجلت سقوط عدد كبير من الضحايا في مواجهات مع أجهزة الأمن.', CAST(N'2019-12-01T16:34:59.000' AS DateTime), N'http://www.bbc.co.uk/arabic/trending-50615569', 7, N'http://www.bbc.co.uk/arabic/trending-50615569')
INSERT [dbo].[NewsTBL] ([Id], [title], [description], [pubDate], [enclosure], [FeedId], [URL]) VALUES (125, N'جدل حول "الضريبة الانتقائية" في السعودية مع بدء تفعيلها', N'جدل على مواقع التواصل السعودية مع بدء تطبيق نظام الضريبة الانتقائية في المملكة. فما هي هذه الضريبة وماذا تشمل؟', CAST(N'2019-12-01T13:47:53.000' AS DateTime), N'http://www.bbc.co.uk/arabic/trending-50620741', 7, N'http://www.bbc.co.uk/arabic/trending-50620741')
INSERT [dbo].[NewsTBL] ([Id], [title], [description], [pubDate], [enclosure], [FeedId], [URL]) VALUES (126, N'القاهرة كما ظهرت في بدايات السينما المصرية', N'ينظم مهرجان القاهرة السينمائي الدولي على هامش دورته الـ 41 معرضا يضم صورا ومجسمات فضلا عن الاستعانة بتقنية الواقع الافتراضي لتوثيق بدايات ظهور مدينة القاهرة على الشريط السينمائي خلال الفترة ما بين أربعينيات وستينيات القرن الماضي.', CAST(N'2019-11-28T18:10:03.000' AS DateTime), N'http://www.bbc.co.uk/arabic/art-and-culture-50591851', 7, N'http://www.bbc.co.uk/arabic/art-and-culture-50591851')
INSERT [dbo].[NewsTBL] ([Id], [title], [description], [pubDate], [enclosure], [FeedId], [URL]) VALUES (127, N'نساء العالم يتظاهرن في اليوم العالمي للقضاء على العنف ضد المرأة', N'بمناسبة اليوم العالمي للقضاء على العنف ضد المرأة، نُظمت وقفات احتجاجية نسائية في عدد من دول العالم، من بينها المكسيك وإيطاليا وتركيا والسودان، للمطالبة ببذل المزيد من الجهود لدعم حقوق المرأة.', CAST(N'2019-11-26T16:15:48.000' AS DateTime), N'http://www.bbc.co.uk/arabic/world-50561621', 7, N'http://www.bbc.co.uk/arabic/world-50561621')
INSERT [dbo].[NewsTBL] ([Id], [title], [description], [pubDate], [enclosure], [FeedId], [URL]) VALUES (128, N'كوميديا الحياة البرية', N'سمك مذعور، ودببة خجولة، وبوم ساخر، وطيور وقفت في المكان الخاطئ. هذه هي الصور التي وصلت إلى المرحلة النهائية في مسابقة "كوميديا الحياة البرية" للتصوير الفوتوغرافي لعام 2019.', CAST(N'2019-11-14T14:33:17.000' AS DateTime), N'http://www.bbc.co.uk/arabic/art-and-culture-50418160', 7, N'http://www.bbc.co.uk/arabic/art-and-culture-50418160')
INSERT [dbo].[NewsTBL] ([Id], [title], [description], [pubDate], [enclosure], [FeedId], [URL]) VALUES (129, N'بالصور: من داخل العالم السري لديانة "أهل الحق" في إيران', N'مجموعة من الصور لطقوس وشعائر الديانة اليارسانية، أو ديانة "أهل الحق"، التي يُقدر عدد من يدينون بها بحوالي ثلاثة ملايين شخص في إيران، أغلبهم من سكان غرب إيران في الولايات الكردية. وهناك أيضا نحو 120 إلى 150 ألف شخص في العراق، حيث تُعرف باسم الديانة الكاكائية.', CAST(N'2019-11-13T17:32:45.000' AS DateTime), N'http://www.bbc.co.uk/arabic/art-and-culture-50406848', 7, N'http://www.bbc.co.uk/arabic/art-and-culture-50406848')
INSERT [dbo].[NewsTBL] ([Id], [title], [description], [pubDate], [enclosure], [FeedId], [URL]) VALUES (130, N'توت عنخ آمون: "كنوز الفرعون الذهبي" تعرض في لندن', N'"توت عنخ آمون: كنوز الفرعون الذهبي" هو اسم المعرض الذي افتُتح يوم السبت الماضي في لندن لعرض كنوز مقبرة الملك الشاب. مها القاضي من فريق بي بي سي زارت المعرض، وهو المحطة الثالثة في جولة الفرعون الشاب الأخيرة قبل الاستقرار في المتحف المصري الكبير في القاهرة.', CAST(N'2019-11-06T17:26:53.000' AS DateTime), N'http://www.bbc.co.uk/arabic/art-and-culture-50322308', 7, N'http://www.bbc.co.uk/arabic/art-and-culture-50322308')
INSERT [dbo].[NewsTBL] ([Id], [title], [description], [pubDate], [enclosure], [FeedId], [URL]) VALUES (131, N'لبنانيون يدُ بيد "في وجه الطائفية"', N'بالصور سلسلة بشرية على طول الطرق السريعة شكلها متظاهرو لبنان، والجيش اللبناني لم يتمكن من فتح طرق أغلقها المحتجون، ولا تزال المصارف والمدارس والجامعات مغلقة للأسبوع الثاني.', CAST(N'2019-10-27T19:07:14.000' AS DateTime), N'http://www.bbc.co.uk/arabic/middleeast-50200636', 7, N'http://www.bbc.co.uk/arabic/middleeast-50200636')
INSERT [dbo].[NewsTBL] ([Id], [title], [description], [pubDate], [enclosure], [FeedId], [URL]) VALUES (132, N'سيول تضرب مناطق في شمال إنجلترا', N'شهدت مناطق في شمال إنجلترا هطول أمطار غزيرة على مدى 24 ساعة تعادل كمية أمطار شهر كامل، على نحو اضطُرّ معه كثيرون إلى النزوح من منازلهم.', CAST(N'2019-11-09T17:30:10.000' AS DateTime), N'http://www.bbc.co.uk/arabic/world-50361694', 7, N'http://www.bbc.co.uk/arabic/world-50361694')
INSERT [dbo].[NewsTBL] ([Id], [title], [description], [pubDate], [enclosure], [FeedId], [URL]) VALUES (133, N'هجوم لندن: كيف خرج منفذ الهجوم عثمان خان من السجن؟', N'منفذ هجوم لندن بريدج، عثمان خان، خرج من السجن قبل حوالي عام من تنفيذ الهجوم. فما ملابسات الإفراج عنه؟', CAST(N'2019-12-01T16:06:26.000' AS DateTime), N'http://www.bbc.co.uk/arabic/world-50621791', 7, N'http://www.bbc.co.uk/arabic/world-50621791')
INSERT [dbo].[NewsTBL] ([Id], [title], [description], [pubDate], [enclosure], [FeedId], [URL]) VALUES (134, N'مستلهم من الشرق في المتحف البريطاني : كيف أثر العالم الإسلامي في الفن الغربي؟', N'معرض "مستلهم من الشرق" في المتحف البريطاني يحاول تقديم صورة مختلفة عن الصور النمطية للمسلمين في الغرب ويركز على أثر العالم الإسلامي في الفن الغربي.', CAST(N'2019-11-29T05:49:56.000' AS DateTime), N'http://www.bbc.co.uk/arabic/art-and-culture-50587179', 7, N'http://www.bbc.co.uk/arabic/art-and-culture-50587179')
INSERT [dbo].[NewsTBL] ([Id], [title], [description], [pubDate], [enclosure], [FeedId], [URL]) VALUES (135, N'مظاهرات إيران: ما نعرفه وما نجهله', N'يصعب الحصول على معلومات موثقة عن المظاهرات في إيران في أعقاب موجة القمع الأخيرة وحجب شبكة الإنترنت فيها. نبحث هنا في ما الذي نعرفه وما الذي نجهله عما حدث في إيران خلال الأسابيع القليلة الماضية؟', CAST(N'2019-11-30T06:32:02.000' AS DateTime), N'http://www.bbc.co.uk/arabic/middleeast-50599741', 7, N'http://www.bbc.co.uk/arabic/middleeast-50599741')
INSERT [dbo].[NewsTBL] ([Id], [title], [description], [pubDate], [enclosure], [FeedId], [URL]) VALUES (136, N'لماذا تحتفل اسكتلندا بيوم القديس أندرو الذي لم يزرها أبدا وتجعله شفيعا لها؟', N'في الثلاثين من نوفمبر/تشرين ثاني من كل عام تحتفل اسكتلندا بيوم القديس أندرو (اندراوس) الذي تعده شفيعا أو قديسا حاميا لها، فما هي القصة؟', CAST(N'2019-11-30T13:55:27.000' AS DateTime), N'http://www.bbc.co.uk/arabic/world-50614748', 7, N'http://www.bbc.co.uk/arabic/world-50614748')
INSERT [dbo].[NewsTBL] ([Id], [title], [description], [pubDate], [enclosure], [FeedId], [URL]) VALUES (137, N'نابليون بونابرت في مصر بعيون ضباط حملته العسكرية الذين حاول إسكاتهم', N'فترة ما بعد الحملة الفرنسية على مصر بقيادة نابليون بونابرت (1798-1801) شهدت شغفا بكتابة تاريخ تلك الفترة القصيرة والمثيرة للجدل، دفع معاصرين لها إلى تسجيل شهادات كتبوها في مذكرات انطلقت بدوافع شخصية تجاه قائدهم، الذي فرض حظرا على نشر كل ما يدينه', CAST(N'2019-11-28T05:52:42.000' AS DateTime), N'http://www.bbc.co.uk/arabic/art-and-culture-50565409', 7, N'http://www.bbc.co.uk/arabic/art-and-culture-50565409')
INSERT [dbo].[NewsTBL] ([Id], [title], [description], [pubDate], [enclosure], [FeedId], [URL]) VALUES (138, N'ماذا تعرف عن مخاطر إدمان الهواتف الذكية؟', N'باحثون في الطب النفسي يؤكدون أن ربع الشباب أصبحوا متعلقين بالهواتف الذكية ولا يستطيعون الاستغناء عنها إلى درجة الإدمان.', CAST(N'2019-11-30T03:17:28.000' AS DateTime), N'http://www.bbc.co.uk/arabic/science-and-tech-50603235', 7, N'http://www.bbc.co.uk/arabic/science-and-tech-50603235')
INSERT [dbo].[NewsTBL] ([Id], [title], [description], [pubDate], [enclosure], [FeedId], [URL]) VALUES (139, N'كيف تتصفح مواقع بي بي سي رغم المنع؟', N'تتمكن من خلال هذه الصفحة أن تحصل على تعليمات تتيح لك التواصل مع مواقع بي بي سي الأخبارية.', CAST(N'2019-10-07T13:00:29.000' AS DateTime), N'http://www.bbc.co.uk/arabic/middleeast-49918489', 7, N'http://www.bbc.co.uk/arabic/middleeast-49918489')
INSERT [dbo].[NewsTBL] ([Id], [title], [description], [pubDate], [enclosure], [FeedId], [URL]) VALUES (140, N'التايمز: كأس العالم لن يخفي محنة سوريا', N'كأس العالم وملف الهجرة في أوروبا من أبرز الموضوعات التي اهتمت بها الصحف البريطانية في نسختها الورقية الصادرة صباح السبت.', CAST(N'2018-06-15T04:48:47.000' AS DateTime), N'http://www.bbc.co.uk/arabic/inthepress-44491932', 7, N'http://www.bbc.co.uk/arabic/inthepress-44491932')
INSERT [dbo].[NewsTBL] ([Id], [title], [description], [pubDate], [enclosure], [FeedId], [URL]) VALUES (141, N'مباراة المغرب والبرتغال: رأسية رونالدو تقصي "أسود الأطلس" عن كأس العالم 2018', N'النجم البرتغالي كريستيانو رونالدو يواصل بدايته القوية في كأس العالم 2018 في روسيا ويحرز الهدف الوحيد لمنتخب بلاده في مرمى المغرب ليطيح بأسود الأطلس خارج المونديال.', CAST(N'2018-06-20T15:27:40.000' AS DateTime), N'http://www.bbc.co.uk/arabic/sports-44550404', 7, N'http://www.bbc.co.uk/arabic/sports-44550404')
INSERT [dbo].[NewsTBL] ([Id], [title], [description], [pubDate], [enclosure], [FeedId], [URL]) VALUES (142, N'كأس العالم 2018: الجمهور الياباني ينظف الملاعب بعد انتهاء المباريات', N'الجمهور الياباني في كأس العالم بروسيا 2018 يثير إعجاب الجميع بتنظيفه المدرجات بعد المباريات.', CAST(N'2018-06-20T12:46:28.000' AS DateTime), N'http://www.bbc.co.uk/arabic/sports-44550402', 7, N'http://www.bbc.co.uk/arabic/sports-44550402')
INSERT [dbo].[NewsTBL] ([Id], [title], [description], [pubDate], [enclosure], [FeedId], [URL]) VALUES (143, N'"الدقيقة الأخيرة" تخذل العرب في المونديال وصورة لروحاني تشعل تويتر', N'مباريات كأس العالم وأداء المنتخبات العربية تهيمن على تعليقات المغردين العرب.', CAST(N'2018-06-16T13:27:23.000' AS DateTime), N'http://www.bbc.co.uk/arabic/trending-44507291', 7, N'http://www.bbc.co.uk/arabic/trending-44507291')
INSERT [dbo].[NewsTBL] ([Id], [title], [description], [pubDate], [enclosure], [FeedId], [URL]) VALUES (144, N'كأس العالم: المغرب يخسر "بنيران صديقة" في الوقت بدل الضائع', N'حقق المنتخب الإيراني لكرة القدم فوزا قاتلا على نظيره المغربي بنيجة 1-صفر في الجولة الأولى من منافسات المجموعة الثانية في مونديال روسيا 2018.', CAST(N'2018-06-15T19:30:29.000' AS DateTime), N'http://www.bbc.co.uk/arabic/sports-44495559', 7, N'http://www.bbc.co.uk/arabic/sports-44495559')
INSERT [dbo].[NewsTBL] ([Id], [title], [description], [pubDate], [enclosure], [FeedId], [URL]) VALUES (145, N'صحف عربية تنتقد تغطية بي ان سبورت القطرية لمباراة السعودية في كأس العالم', N'صحف عربية، وخاصة الخليجية، تشن هجوما على تغطية قناة بي ان سبورت القطرية لمباراة السعودية أمام روسيا في كأس العالم وتتهمها بـ"استغلال الرياضة في أغراض سياسية".', CAST(N'2018-06-16T12:10:13.000' AS DateTime), N'http://www.bbc.co.uk/arabic/inthepress-44507190', 7, N'http://www.bbc.co.uk/arabic/inthepress-44507190')
INSERT [dbo].[NewsTBL] ([Id], [title], [description], [pubDate], [enclosure], [FeedId], [URL]) VALUES (146, N'دليلك للملاعب التي تستضيف مباريات كأس العالم 2018', N'دليل بي بي سي للملاعب الروسية التي تستضيف مباريات بطولة كأس العالم 2018', CAST(N'2018-06-08T12:15:28.000' AS DateTime), N'http://www.bbc.co.uk/arabic/sports-44397737', 7, N'http://www.bbc.co.uk/arabic/sports-44397737')
INSERT [dbo].[NewsTBL] ([Id], [title], [description], [pubDate], [enclosure], [FeedId], [URL]) VALUES (147, N'كأس العالم 2018: كل ما عليك أن تعرفه في 6 جداول', N'ستة جداول مصورة تعطيك كل ما تحتاجه من معلومات حول بطولة كأس العالم 2018 لكرة القدم التي تستضيفها روسيا.', CAST(N'2018-06-11T08:16:48.000' AS DateTime), N'http://www.bbc.co.uk/arabic/sports-44414788', 7, N'http://www.bbc.co.uk/arabic/sports-44414788')
INSERT [dbo].[NewsTBL] ([Id], [title], [description], [pubDate], [enclosure], [FeedId], [URL]) VALUES (148, N'كأس العالم 2018: مواعيد مباريات المنتخبات العربية', N'مواعيد مباريات المنتخبات العربية في بطولة كأس العالم 2018 في روسيا والملاعب التي ستجرى المباريات فيها.', CAST(N'2018-06-14T11:42:02.000' AS DateTime), N'http://www.bbc.co.uk/arabic/sports-44481132', 7, N'http://www.bbc.co.uk/arabic/sports-44481132')
INSERT [dbo].[NewsTBL] ([Id], [title], [description], [pubDate], [enclosure], [FeedId], [URL]) VALUES (149, N'حظوظ المنتخبات العربية في كأس العالم 2018', N'أربعة منتخبات عربية تشارك في نهائيات كأس العالم لكرة القدم والتي ستنطلق في 14 يونيو حزيران المقبل بالمباراة الافتتاحية للبطولة بين البلد المضيف روسيا والمملكة العربية السعودية، فما هي حظوظ المنتخبات العربية في المونديال؟', CAST(N'2018-05-11T03:33:26.000' AS DateTime), N'http://www.bbc.co.uk/arabic/sports-44073621', 7, N'http://www.bbc.co.uk/arabic/sports-44073621')
INSERT [dbo].[NewsTBL] ([Id], [title], [description], [pubDate], [enclosure], [FeedId], [URL]) VALUES (150, N'تصفيات كأس العالم 2018: تعرف على المنتخبات العربية التي تأهلت للنهائيات', N'ما هي المنتخبات العربية التي تأهلت لنهائيات كأس العالم 2018؟ ومن هم أبرز اللاعبين؟', CAST(N'2017-11-12T01:08:33.000' AS DateTime), N'http://www.bbc.co.uk/arabic/sports-41958279', 7, N'http://www.bbc.co.uk/arabic/sports-41958279')
INSERT [dbo].[NewsTBL] ([Id], [title], [description], [pubDate], [enclosure], [FeedId], [URL]) VALUES (166, N'محكمة عراقية تصدر أول حكم إعدام بحق ضابط في قتل متظاهرين', N'  <p>أصدرت محكمة عراقية، الأحد، أول حكم بالإعدام ضد ضابط أمن ذي رتبة كبيرة بتهمة قتل متظاهرين، حسبما قال مصدر في المحكمة العليا لمحافظة واسط لـ CNN.</p>

', CAST(N'2019-12-01T19:09:49.000' AS DateTime), N'82126 at http://arabic.cnn.com', 8, N'http://arabic.cnn.com/middle-east/article/2019/12/01/iraq-protests-death-toll-security-forces-death-sentence')
INSERT [dbo].[NewsTBL] ([Id], [title], [description], [pubDate], [enclosure], [FeedId], [URL]) VALUES (167, N'في يوم اعتزاله.. والد ياسر القحطاني يوجه كلمات مؤثرة لابنه: "حان وقت رد الدين"', N'  <p>وجه والد اللاعب السعودي المعتزل، ياسر القحطاني، كلمة "مؤثرة" لابنه في الاحتفال الذي أقيم في العاصمة السعودية، الرياض، لاعتزال "القناص".</p>

', CAST(N'2019-12-01T19:08:28.000' AS DateTime), N'82127 at http://arabic.cnn.com', 8, N'http://arabic.cnn.com/sport/article/2019/12/01/yasser-alqahtani-father-emotional-words')
INSERT [dbo].[NewsTBL] ([Id], [title], [description], [pubDate], [enclosure], [FeedId], [URL]) VALUES (168, N'مصر واليونان: توقيع حكومة الوفاق في ليبيا على مذكرتي تفاهم مع تركيا "غير شرعي"', N'  <p>جددت مصر واليونان، الأحد، رفضهما مذكرتي تفاهم في مجالي التعاون الأمني والمناطق البحرية بين تركيا وليبيا، ووصفت توقيع حكومة الوفاق بأنه "غير شرعي".</p>

', CAST(N'2019-12-01T18:06:31.000' AS DateTime), N'82125 at http://arabic.cnn.com', 8, N'http://arabic.cnn.com/middle-east/article/2019/12/01/egypt-greece-turkey-libya-gna-natural-gas')
INSERT [dbo].[NewsTBL] ([Id], [title], [description], [pubDate], [enclosure], [FeedId], [URL]) VALUES (169, N'الإعلان عن موعد عقد القمة الخليجية الـ40 في الرياض.. والزياني: أثق بأنها ستعمق الترابط', N'  <p>أعلن الأمين العام لمجلس التعاون الخليجي، عبد اللطيف الزياني، الأحد، أن القمة الخليجية المقبلة ستُعقد في 10 ديسمبر/كانون أول الجاري في العاصمة السعودية، الرياض، وفقا لما ذكرته وكالة الأنباء السعودية (واس)</p>

', CAST(N'2019-12-01T17:30:50.000' AS DateTime), N'82124 at http://arabic.cnn.com', 8, N'http://arabic.cnn.com/middle-east/article/2019/12/01/gcc-summit-riyadh-date-revealed')
INSERT [dbo].[NewsTBL] ([Id], [title], [description], [pubDate], [enclosure], [FeedId], [URL]) VALUES (170, N'ماذا قال غورباتشوف عن الدرس المستفاد بحادثة تشيرنوبيل؟', N'  في جزء من مقابلة لـCNN تحدث الزعيم السوفيتي السابق ميخائيل غورباتشوف عن عدة أمور كالحد من التسلح وعن أفغانستان وفقدان الثقة بين موسكو وواشنطن وفي لقائه هذا تحدث عن حادثة المفاعل النووي تشيرنوبيل وأهمية أخذ العبرة منها.
', CAST(N'2019-12-01T17:24:19.000' AS DateTime), N'82123 at http://arabic.cnn.com', 8, N'http://arabic.cnn.com/world/video/2019/12/01/v82123-former-soviet-leader-mikhail-gorbachev')
INSERT [dbo].[NewsTBL] ([Id], [title], [description], [pubDate], [enclosure], [FeedId], [URL]) VALUES (171, N'لويس هاملتون يفوز بالجولة الأخيرة لفورمولا 1 بسباق أبوظبي', N'  <p>أحرز سائق مرسيدس لويس هاملتون، الأحد، المركز الأول لجائزة أبوظبي الكبرى ضمن الجولة الأخيرة لسابقات فورمولا 1 في موسم 2019.</p>

', CAST(N'2019-12-01T15:42:55.000' AS DateTime), N'82122 at http://arabic.cnn.com', 8, N'http://arabic.cnn.com/sport/article/2019/12/01/abu-dhabi-lewis-hamilton-formula-1')
INSERT [dbo].[NewsTBL] ([Id], [title], [description], [pubDate], [enclosure], [FeedId], [URL]) VALUES (172, N'نجم مانشستر يونايتد وأرسنال السابق يظهر بالزي السعودي.. فما المناسبة؟', N'  <p>ظهر نجم نادي مانشستر يونايتد السابق، روبين فان بيرسي، الأحد، وهو يرتدي الزي السعودي قبيل مشاركته في مباراة اعتزال المهاجم السعودي السابق، ياسر القحطاني</p>

', CAST(N'2019-12-01T15:28:14.000' AS DateTime), N'82121 at http://arabic.cnn.com', 8, N'http://arabic.cnn.com/sport/article/2019/12/01/van-perise-wears-saudi-dress')
INSERT [dbo].[NewsTBL] ([Id], [title], [description], [pubDate], [enclosure], [FeedId], [URL]) VALUES (173, N'جلد اصطناعي يعطي الروبوتات القدرة على الشعور مثل البشر', N'  ابتكر فريق من الباحثين أول روبوت في العالم مُغطى بالكامل تقريبًا بالجلد الاصطناعي، ويمكن أن يغير ذلك من طريقة تفاعلهم مع البشر في المستقبل.
', CAST(N'2019-12-01T15:19:29.000' AS DateTime), N'82119 at http://arabic.cnn.com', 8, N'http://arabic.cnn.com/tech/video/2019/12/01/v82119-artificial-robot-skin-biz-evolved')
INSERT [dbo].[NewsTBL] ([Id], [title], [description], [pubDate], [enclosure], [FeedId], [URL]) VALUES (174, N'قرعة يورو 2020.. كيف كانت ردود فعل مدربي "مجموعة الموت"؟', N'  أجريت السبت، قرعة بطولة كأس أمم أوروبا 2020 في بوخارست الرومانية، وأسفرت عن وقوع حامل اللقب البرتغال إلى جانب منتخبي فرنسا حامل لقب كأس العالم، وألمانيا.
فكيف كانت ردود فعل مدربي منتخبات هذه المجموعة؟
', CAST(N'2019-12-01T14:07:22.000' AS DateTime), N'82118 at http://arabic.cnn.com', 8, N'http://arabic.cnn.com/sport/video/2019/12/01/v82118-euro-2020-draw-germany-france-portugal-group-f-bucharest-romania-football')
INSERT [dbo].[NewsTBL] ([Id], [title], [description], [pubDate], [enclosure], [FeedId], [URL]) VALUES (175, N'البرلمان العراقي يقبل استقالة رئيس الحكومة.. والحلبوسي يطالب صالح بتسمية خليفة عبدالمهدي', N'  <p>قبل مجلس النواب العراقي، الأحد، استقالة رئيس الحكومة عادل عبدالمهدي، بعد احتجاجات مستمرة منذ قرابة شهرين، سقط خلالها ما لا يقل عن 400 قتيل آلاف المصابين.</p>

', CAST(N'2019-12-01T14:04:07.000' AS DateTime), N'82117 at http://arabic.cnn.com', 8, N'http://arabic.cnn.com/middle-east/article/2019/12/01/iraq-protests-adel-abdul-mahdi-parliament-ali-al-sistani')
INSERT [dbo].[NewsTBL] ([Id], [title], [description], [pubDate], [enclosure], [FeedId], [URL]) VALUES (176, N'يحبس الأنفاس..العلم الإماراتي يحلق بـ"القفز الحر" بمناسبة احتفالات اليوم الوطني', N'  <p>استطاعت دولة الإمارات العربية المتحدة تحطيم رقم قياسي جديد باستخدام علم الإمارات بمناسبة اليوم الوطني. وذلك عن طريق أكبر علم يحلق أثناء القفز الحر بالمظلة. ووصلت مساحة العلم الذي حلق في سماء دبي  إلى 144.28 متراً مربعاً.</p>

', CAST(N'2019-12-01T13:27:54.000' AS DateTime), N'82113 at http://arabic.cnn.com', 8, N'http://arabic.cnn.com/travel/article/2019/12/01/uae-new-guinness-world-record-national-day')
INSERT [dbo].[NewsTBL] ([Id], [title], [description], [pubDate], [enclosure], [FeedId], [URL]) VALUES (177, N'بعد ترحيلها من تركيا.. هكذا كانت رحلة "عروس داعش" الإيرلندية إلى بلادها', N'  <p>وصلت "عروس داعش" الإيرلندية، ليزا سميث، والتي كانت جندية في الجيش الإيرلندي، إلى بلادها، الأحد، بعد ترحيلها من تركيا رفقة طفلتها</p>

', CAST(N'2019-12-01T13:20:01.000' AS DateTime), N'82116 at http://arabic.cnn.com', 8, N'http://arabic.cnn.com/world/article/2019/12/01/isis-bride-dublin-custody')
INSERT [dbo].[NewsTBL] ([Id], [title], [description], [pubDate], [enclosure], [FeedId], [URL]) VALUES (178, N'مازن دروزة لـCNN: التقلبات الاقتصادية في العالم العربي دفعتنا للعالمية', N'  <p>في الحلقة الأولى من برنامج "على القمة" لهذا الأسبوع، تحدث معنا رجل الأعمال الأردني مازن دروزة، والذي يشغل اليوم منصب الرئيس التنفيذي ورئيس مجلس الإدارة لمنطقة الشرق الأوسط وشمال أفريقيا في أدوية الحكمة.</p>

', CAST(N'2019-12-01T13:19:40.000' AS DateTime), N'82076 at http://arabic.cnn.com', 8, N'http://arabic.cnn.com/business/article/2019/12/01/ala-alqemma-mazen-darwzeh-1')
INSERT [dbo].[NewsTBL] ([Id], [title], [description], [pubDate], [enclosure], [FeedId], [URL]) VALUES (179, N'بيع سمكة الكنعد "الأغلى" في العالم بمزاد في الإمارات.. كم بلغ سعرها؟', N'  <p>يعت "أغلى" سمكة كنعد في العالم في دولة الإمارات العربية المتحدة، وذلك خلال مزاد خيري أُقيم في العاصمة أبوظبي.</p>

', CAST(N'2019-12-01T12:40:55.000' AS DateTime), N'82111 at http://arabic.cnn.com', 8, N'http://arabic.cnn.com/travel/article/2019/12/01/most-expensive-kish-fish-abu-dhabi-uae')
INSERT [dbo].[NewsTBL] ([Id], [title], [description], [pubDate], [enclosure], [FeedId], [URL]) VALUES (180, N'من بينها مجوهرات لأمير قطري.. تعرف إلى 5 أشهر عمليات لسرقة المجوهرات في العصر الحديث', N'  <p>قد تبدو سرقات المجوهرات شيقة في أفلام هوليوود ولكن حدوثها على أرض الواقع أمرُ مؤسف للغاية. إليك بعض أشهر سرقات المجوهرات التي وقعت مؤخراً.</p>

', CAST(N'2019-12-01T11:32:48.000' AS DateTime), N'82110 at http://arabic.cnn.com', 8, N'http://arabic.cnn.com/style/article/2019/12/01/famous-jewelry-heists-intl-hnk-scli')
INSERT [dbo].[NewsTBL] ([Id], [title], [description], [pubDate], [enclosure], [FeedId], [URL]) VALUES (181, N'العقدة مستمرة.. برشلونة هو بُعبُع سيميوني', N'المدرب الأرجنتيني لا يعرف معنى الفوز أمام النادي الكتالوني على الإطلاق', CAST(N'2019-12-01T23:16:33.000' AS DateTime), N'urn:perform:article:1wo2i2gim4snr1n9whqmocnzkt', 10, N'https://www.goal.com/ar/أخبار/العقدة-مستمرة-برشلونة-هو-بعبع-سيميوني/1wo2i2gim4snr1n9whqmocnzkt')
INSERT [dbo].[NewsTBL] ([Id], [title], [description], [pubDate], [enclosure], [FeedId], [URL]) VALUES (182, N'ساؤول: لم نستحق الخسارة ولهذا ميسي هو الأفضل بالعالم', N'`', CAST(N'2019-12-01T23:06:15.000' AS DateTime), N'urn:perform:article:v23hbkdr4ttn1223tvj1ebzf8', 10, N'https://www.goal.com/ar/أخبار/ساؤول-لم-نستحق-الخسارة-ولهذا-ميسي-هو-الأفضل-بالعالم/v23hbkdr4ttn1223tvj1ebzf8')
INSERT [dbo].[NewsTBL] ([Id], [title], [description], [pubDate], [enclosure], [FeedId], [URL]) VALUES (183, N'فالفيردي يكشف حالة بيكيه ويثني على ميسي وشتيجن', N'إرنستو فالفيردي المدير الفني لبرشلونة يعرب عن سعادته بالفوز على أتلتيكو مدريد.', CAST(N'2019-12-01T22:37:02.000' AS DateTime), N'urn:perform:article:8x9q5jol6ln61axdy9vla7a92', 10, N'https://www.goal.com/ar/أخبار/فالفيردي-يكشف-حالة-بيكيه-ويثني-على-ميسي-وشتيجن/8x9q5jol6ln61axdy9vla7a92')
INSERT [dbo].[NewsTBL] ([Id], [title], [description], [pubDate], [enclosure], [FeedId], [URL]) VALUES (184, N'روبيرتو: ريال مدريد ليس المنافس الوحيد لبرشلونة', N'سيرجي روبيرتو مدافع برشلونة يتحدث عن الانتصار على حساب أتلتيكو مدريد.', CAST(N'2019-12-01T22:18:12.000' AS DateTime), N'urn:perform:article:zqopdoslp03y11fq73c5inbwi', 10, N'https://www.goal.com/ar/أخبار/روبيرتو-ريال-مدريد-ليس-المنافس-الوحيد-لبرشلونة/zqopdoslp03y11fq73c5inbwi')
INSERT [dbo].[NewsTBL] ([Id], [title], [description], [pubDate], [enclosure], [FeedId], [URL]) VALUES (185, N'من هو ياسر القحطاني، ماذا حقق من انجازات مع الهلال والمنتخب السعودي؟', N'القحطاني قد أعلن في أبريل 2018 اعتزاله كرة القدم بعد تحقيقه وفريقه نادي الهلال الدوري السعودي للمحترفين', CAST(N'2019-12-01T22:14:57.000' AS DateTime), N'urn:perform:article:1q0mgjps284i61m7f24u4wv1hm', 10, N'https://www.goal.com/ar/أخبار/من-هو-ياسر-القحطاني-انجازات-الهلال-المنتخب-السعودي/1q0mgjps284i61m7f24u4wv1hm')
INSERT [dbo].[NewsTBL] ([Id], [title], [description], [pubDate], [enclosure], [FeedId], [URL]) VALUES (186, N'سيميوني: يجب على الجماهير أن تتفهم ما نمر به', N'المدرب الأرجنتيني يدافع عن فريقه بعد الخسارة في مباراة القمة أمام برشلونة', CAST(N'2019-12-01T22:10:50.000' AS DateTime), N'urn:perform:article:1jg8uy31c14k1vzdmks0avngn', 10, N'https://www.goal.com/ar/أخبار/سيميوني-يجب-على-الجماهير-أن-تتفهم-ما-نمر-به/1jg8uy31c14k1vzdmks0avngn')
INSERT [dbo].[NewsTBL] ([Id], [title], [description], [pubDate], [enclosure], [FeedId], [URL]) VALUES (187, N'ترتيب هدافي الدوري الإسباني: ميسي يضيق الخناق على بنزيما', N'تعرف على جدول ترتيب هدافي الدوري الإسباني 2019-2020 بعد الجولة 15', CAST(N'2019-12-01T22:00:05.000' AS DateTime), N'urn:perform:article:tlf3dyvvl2mg12zc339hjxnrt', 10, N'http://www.goal.com/')
INSERT [dbo].[NewsTBL] ([Id], [title], [description], [pubDate], [enclosure], [FeedId], [URL]) VALUES (188, N'رجل رائع_رجل مخيب | أتلتيكو مدريد وبرشلونة', N'تعرف على الرجل الرائع والمخيب لمباراة أتلتيكو مدريد وبرشلونة في الدوري الإسباني..', CAST(N'2019-12-01T21:53:43.000' AS DateTime), N'urn:perform:article:vqsx06yeqb9h1ody41haqypcl', 10, N'https://www.goal.com/ar/أخبار/رجل-رائع-رجل-مخيب-أتلتيكو-مدريد-وبرشلونة/vqsx06yeqb9h1ody41haqypcl')
INSERT [dbo].[NewsTBL] ([Id], [title], [description], [pubDate], [enclosure], [FeedId], [URL]) VALUES (189, N'لا جديد.. شتيجن يتعملق وميسي يسجل وبرشلونة يتغلب على أتلتيكو مدريد', N'سيناريو معتاد..', CAST(N'2019-12-01T21:51:50.000' AS DateTime), N'urn:perform:article:1bz5j8qmngydk1i0z6oscsqodc', 10, N'https://www.goal.com/ar/أخبار/لا-جديد-شتيجن-يتعملق-وميسي-يسجل-وبرشلونة-يتغلب-على-أتلتيكو/1bz5j8qmngydk1i0z6oscsqodc')
INSERT [dbo].[NewsTBL] ([Id], [title], [description], [pubDate], [enclosure], [FeedId], [URL]) VALUES (190, N'الكونفدرالية - بين انتصارات وتعادلات العرب يعبرون الجولة الأولى', N'المصري عاد من موريتانيا بفوز بثلاثية', CAST(N'2019-12-01T21:36:15.000' AS DateTime), N'urn:perform:article:15x1rgxl3abaz1ljawxh6f4s4i', 10, N'https://www.goal.com/ar/أخبار/المصري-بيراميدز-حسنية-أكادير-بارادو-نهضة-بركان-النصر/15x1rgxl3abaz1ljawxh6f4s4i')
INSERT [dbo].[NewsTBL] ([Id], [title], [description], [pubDate], [enclosure], [FeedId], [URL]) VALUES (191, N'لجنة الانضباط تفرض عقوبات على النصر والاتحاد', N'أكثر من 83 ألف ريال عقوبات على الناديين', CAST(N'2019-12-01T21:08:53.000' AS DateTime), N'urn:perform:article:190b3l64af77h18ctj5sw93lq9', 10, N'https://www.goal.com/ar/أخبار/النصر-الاتحاد-الاتفاق-الوحدة-الهلال-الدوري-السعودي-لجنة-الانضباط-/190b3l64af77h18ctj5sw93lq9')
INSERT [dbo].[NewsTBL] ([Id], [title], [description], [pubDate], [enclosure], [FeedId], [URL]) VALUES (192, N'أنشيلوتي يهاجم نجوم نابولي ويطالبهم بالالتزام والتركيز', N'كارلو أنشيلوتي المدير الفني لفريق نابولي يهاجم نجوم الفريق ويطالبهم بالتركيز والاستمرارية.', CAST(N'2019-12-01T20:46:48.000' AS DateTime), N'urn:perform:article:1p98ymhb4ubtt1xvyastqxahi2', 10, N'https://www.goal.com/ar/أخبار/أنشيلوتي-يهاجم-نجوم-نابولي-ويطالبهم-بالالتزام-والتركيز/1p98ymhb4ubtt1xvyastqxahi2')
INSERT [dbo].[NewsTBL] ([Id], [title], [description], [pubDate], [enclosure], [FeedId], [URL]) VALUES (193, N'استياء من تعامل جمهور الهلال مع حسين عبد الغني في اعتزال القحطاني', N'قائد الراقي لم يكن مرحبًا به في محيط الرعب', CAST(N'2019-12-01T20:42:18.000' AS DateTime), N'urn:perform:article:1ikoon61mc5hn1g6tjlfcb0i7f', 10, N'https://www.goal.com/ar/أخبار/اعتزال-ياسر-القحطاني-الهلال-أصدقاء-حسين-عبدالغني-صافرات/1ikoon61mc5hn1g6tjlfcb0i7f')
INSERT [dbo].[NewsTBL] ([Id], [title], [description], [pubDate], [enclosure], [FeedId], [URL]) VALUES (194, N'فيديو | تسعة أهداف في اعتزال القحطاني وتألق الدعيع وعموري', N'الهلال هزم أصدقاء ياسر بخماسية مقابل أربعة أهداف', CAST(N'2019-12-01T20:13:16.000' AS DateTime), N'urn:perform:article:qma53d08vwtx1fyljhapb5y48', 10, N'https://www.goal.com/ar/أخبار/اعتزال-ياسر-القحطاني-الهلال-أصدقاء-رونالدينيو-توتي-الدعيع/qma53d08vwtx1fyljhapb5y48')
INSERT [dbo].[NewsTBL] ([Id], [title], [description], [pubDate], [enclosure], [FeedId], [URL]) VALUES (195, N'فاردي: لا نفكر في لقب الدوري ونريد لعب كل مباراة بظروفها', N'جيمي فاردي يطالب بالتأني والصبر قبل ترشيح ليستر سيتي للقب الدوري الإنجليزي.', CAST(N'2019-12-01T20:04:59.000' AS DateTime), N'urn:perform:article:1jdn4am7fi6r910v7stkumal2j', 10, N'https://www.goal.com/ar/أخبار/فاردي-لا-نفكر-في-لقب-الدوري-ونريد-لعب-كل-مباراة-بظروفها/1jdn4am7fi6r910v7stkumal2j')
INSERT [dbo].[NewsTBL] ([Id], [title], [description], [pubDate], [enclosure], [FeedId], [URL]) VALUES (196, N'سولشاير: هذا هو واقع مانشستر يونايتد', N'تصريحات معتادة منه بعد أي تعثر..', CAST(N'2019-12-01T19:57:08.000' AS DateTime), N'urn:perform:article:40nh0p0xgt6g1jhe84atktmp3', 10, N'https://www.goal.com/ar/أخبار/سولشاير-هذا-هو-واقع-مانشستر-يونايتد/40nh0p0xgt6g1jhe84atktmp3')
INSERT [dbo].[NewsTBL] ([Id], [title], [description], [pubDate], [enclosure], [FeedId], [URL]) VALUES (197, N'ماجواير: مباراة توتنهام فرصة لتصليح الأمور في مانشستر يونايتد', N'تصريحات القائد تحمل ندمًا على التعادل مع أستون فيلا..', CAST(N'2019-12-01T19:31:11.000' AS DateTime), N'urn:perform:article:1aa9etdd5nilj1u09ncbafwmu2', 10, N'https://www.goal.com/ar/أخبار/ماجواير-مباراة-توتنهام-فرصة-لتصليح-الأمور-في-مانشستر-يونايتد/1aa9etdd5nilj1u09ncbafwmu2')
INSERT [dbo].[NewsTBL] ([Id], [title], [description], [pubDate], [enclosure], [FeedId], [URL]) VALUES (198, N'رودجرز: فخور بفريقي وهذه هي حقيقة الشرط الجزائي في عقدي', N'براندن رودجرز المدير الفني لفريق ليستر سيتي يؤكد سعادته بما قدمه فريقه في مواجهة نظيره إيفرتون.', CAST(N'2019-12-01T19:30:23.000' AS DateTime), N'urn:perform:article:1cwzgo6nimuw71qmpsdv2udnl4', 10, N'https://www.goal.com/ar/أخبار/رودجرز-فخور-بفريقي-وهذه-هي-حقيقة-الشرط-الجزائي-في-عقدي/1cwzgo6nimuw71qmpsdv2udnl4')
INSERT [dbo].[NewsTBL] ([Id], [title], [description], [pubDate], [enclosure], [FeedId], [URL]) VALUES (199, N'تقرير - سوء تفاهم وراء معاناة ميتشو من مرض السرطان', N'المدرب أخبر اللاعبين بمعاناته من المرض الخطير ولكن..', CAST(N'2019-12-01T19:27:13.000' AS DateTime), N'urn:perform:article:uxnu86erpsmb16vgj7gmszxpp', 10, N'https://www.goal.com/ar/أخبار/الزمالك-مرض-ميتشو-مرتضى-منصور-السرطان-مازيمبي-دوري-أبطال/uxnu86erpsmb16vgj7gmszxpp')
INSERT [dbo].[NewsTBL] ([Id], [title], [description], [pubDate], [enclosure], [FeedId], [URL]) VALUES (200, N'موعد مباراة مانشستر يونايتد ضد توتنهام، القنوات الناقلة والتشكيل المتوقع', N'تعرف على موعد مباراة مانشستر يونايتد ضد توتنهام في الدوري الإنجليزي الممتاز، وغيابات كلا الفريقين وتشكيلهما المتوقع، وما هي القنوات الناقلة للمباراة؟', CAST(N'2019-12-01T19:12:10.000' AS DateTime), N'urn:perform:article:1lfxfj9dg00jb11s96gfvzv7wb', 10, N'https://www.goal.com/ar/أخبار/موعد-مباراة-مانشستر-يونايتد-ضد-توتنهام-القنوات-الناقلة/1lfxfj9dg00jb11s96gfvzv7wb')
INSERT [dbo].[NewsTBL] ([Id], [title], [description], [pubDate], [enclosure], [FeedId], [URL]) VALUES (201, N'بضغط "المصارف" .. الأسهم السعودية تسجل أطول سلسلة تراجع في شهر', N'<div class="field field-name-body field-type-text-with-summary field-label-hidden"><div class="field-items"><div class="field-item even" property="content:encoded"><p>هبطت الأسهم السعودية للجلسة الرابعة على التوالي في أطول سلسلة تراجع في شهر لتغلق عند 8367 نقطة فاقدة 32 نقطة بنسبة 0.4 في المائة. وجاء التراجع بضغط من المصارف، التي تحقق نتائج إيجابية حتى الآن وفاقت في أدائها متوسط التوقعات، ما يجعل تراجعها غير مدعوم من العوامل الأساسية خاصة أن مكرراتها منخفضة عن السوق. والأداء جاء متوافقا مع التقارير السابقة التي أشير فيها إلى ضعف السوق وتوجهه إلى مستويات 8350 نقطة وكانت أقل نقطة في جلسة أمس عند 8346 نقطة. وستبحث السوق عن التماسك عند المستويات الحالية خاصة في ظل ظهور نتائج مشجعة حتى الآن، إلا أن نتائج "سابك" المتوقع أن تعلن الأحد المقبل ستكون مؤثرة على تداولات السوق.</p>
<p><strong>الأداء العام للسوق</strong></p>
<p>افتتح المؤشر العام عند 8399 نقطة، واتجه نحو أدنى نقطة في الجلسة عند 8346 نقطة فاقدا 0.6 في المائة، في نهاية الجلسة عوض من خسائره ليغلق عند 8367 نقطة فاقدا 32 نقطة بنسبة 0.4 في المائة. وارتفعت السيولة 14 في المائة بنحو 370 مليون ريال لتصل إلى 3.1 مليار ريال، وبلغ معدل قيمة الصفقة الواحدة 34 ألف ريال. بينما زادت الأسهم المتداولة 15 في المائة بنحو 15 مليون سهم لتصل إلى 121 مليون سهم متداول، بمعدل تدوير 0.23 في المائة. أما الصفقات فقد ارتفعت 8 في المائة بنحو 6.4 ألف صفقة لتصل إلى 90 ألف صفقة.</p>
<p><strong>أداء القطاعات</strong></p>
<p>ارتفعت ثلاثة قطاعات مقابل تراجع البقية واستقرار "الأدوية". وتصدر المرتفعة "إنتاج الأغذية" بنسبة 0.2 في المائة، يليه "الطاقة" بنسبة 0.14 في المائة، وحل ثالثا "إدارة وتطوير العقارات" بنسبة 0.09 في المائة. بينما تصدر المتراجعة "الإعلام" بنسبة 3.4 في المائة، يليه "الاستثمار والتمويل" بنسبة 2.3 في المائة، وحل ثالثا "التأمين" بنسبة 1.2 في المائة. وكان الأعلى تداولا "المواد الأساسية" بنسبة 40 في المائة بقيمة 1.2 مليار ريال، يليه "المصارف" بنسبة 30 في المائة بقيمة 920 مليون ريال، وحل ثالثا "التأمين" بنسبة 6 في المائة بقيمة 176 مليون ريال.</p>
<p><strong>أداء الأسهم</strong></p>
<p>تصدر الأسهم المرتفعة "عناية" بنسبة 4.5 في المائة ليغلق عند 25.60 ريال، يليه "كيمانول" بنسبة 3 في المائة ليغلق عند 10.86 ريال، وحل ثالثا "اللجين" بنسبة 2.8 في المائة ليغلق عند 31.30 ريال. وفي المقابل تصدر المتراجعة "الباحة" بالنسبة القصوى ليغلق عند 17.64 ريال، يليه "الكابلات" بنسبة 7.7 في المائة ليغلق عند 6.65 ريال، وحل ثالثا "ساكو" بنسبة 6 في المائة ليغلق عند 81.50 ريال. وكان الأعلى تداولا "سابك" بقيمة 557 مليون ريال بنسبة 18 في المائة، يليه "الإنماء" بنسبة 17 في المائة بقيمة 526 مليون ريال، وحل ثالثا "كيان السعودية" بنسبة 9 في المائة.</p>
<p><strong>*وحدة التقارير الاقتصادية</strong></p>
</div></div></div><div class="field field-name-field-binary field-type-image field-label-above"><div class="field-label">Image:&nbsp;</div><div class="field-items"><div class="field-item even"><img typeof="foaf:Image" src="http://www.aleqt.com/sites/default/files/rbitem/2018/07/26/876621-214366025.jpg" width="2401" height="4685" alt="" /></div><div class="field-item odd"><img typeof="foaf:Image" src="http://www.aleqt.com/sites/default/files/rbitem/2018/07/26/876626-1589917713.jpg" width="3192" height="2013" alt="" /></div></div></div><div class="field field-name-field-category field-type-taxonomy-term-reference field-label-above"><div class="field-label">category:&nbsp;</div><div class="field-items"><div class="field-item even"><a href="/sections/%D8%A3%D8%B3%D9%88%D8%A7%D9%82-%D8%A7%D9%84%D8%A3%D8%B3%D9%87%D9%85" typeof="skos:Concept" property="rdfs:label skos:prefLabel" datatype="">أسواق الأسهم</a></div></div></div><div class="field field-name-field-author field-type-text field-label-above"><div class="field-label">Author:&nbsp;</div><div class="field-items"><div class="field-item even">*أحمد الرشيد من الرياض</div></div></div><div class="field field-name-field-publication-date field-type-datestamp field-label-above"><div class="field-label">publication date:&nbsp;</div><div class="field-items"><div class="field-item even"><span class="date-display-single" property="dc:date" datatype="xsd:dateTime" content="2018-07-27T21:15:00+03:00">الجمعة, يوليو 27, 2018 - 21:15</span></div></div></div>', CAST(N'2018-07-26T21:13:06.000' AS DateTime), N'1426766 at http://www.aleqt.com', 12, N'http://www.aleqt.com/2018/07/27/article_1426766.html')
INSERT [dbo].[NewsTBL] ([Id], [title], [description], [pubDate], [enclosure], [FeedId], [URL]) VALUES (202, N'الأسهم السعودية .. 21 عاما ارتفاعا و10 سنوات انخفاضا', N'<div class="field field-name-body field-type-text-with-summary field-label-hidden"><div class="field-items"><div class="field-item even" property="content:encoded"><p>حققت الأسهم السعودية نموا قدره 4.3 في المائة لتغلق عند 7210 نقاط بنهاية عام 2016، لكن هذا النمو يعد ثاني أضعف نمو في تاريخها. وكانت أضعف نسبة ارتفاع في عام 2002 بنسبة 3.6 في المائة. ومنذ تأسيس المؤشر منذ عام 1985، ارتفعت السوق في 21 عاما بينما حققت تراجعات في عشرة أعوام، وبذلك الأداء ترتفع قيمة السوق إلى 1.68 تريليون ريال بنمو 103 مليارات بنسبة 6.5 في المائة. وجاء الأداء متوافقا مع توقعات التقرير السنوي السابق، حيث جاء فيه أن "السوق ستميل إلى الاستقرار ومحاولة الارتفاع". كما أشير فيه إلى احتمال دخول السوق في موجة تراجع حتى مستويات 5700 نقطة، وكانت أدنى إغلاق شهري للسوق عند 5623 نقطة. رغم ضعف النمو إلا أنه يشير إلى تحسن كبير في أداء السوق، حيث السوق استطاعت أن تسيطر على الخسائر المحققة خلال العام التي بلغت 23 في المائة، وكانت أشد خسائر للسوق منذ عام 2008. جاءت تلك الخسائر في ظل مخاوف في مطلع العام من تراجع أسعار النفط التي تراجعت حتى إلى 27 دولارا في خام برنت وهي مستويات قريبة من المتوقع في التقرير السنوي الذي أشير فيه إلى تراجع الخام إلى مستويات 25 دولارا. وبعد ارتداد أسعار النفط تحسن أداء السوق معها حتى سيطر على معظم الخسائر واقترابه من تحقيق نمو سنوي في شهر نيسان (أبريل) الماضي عندما وصل إلى 6875 نقطة. إلا أن ارتفاع "السايبر" نتيجة الطلب العالي على السيولة من قبل الحكومة لتغطية العجز عبر طرح سندات محلية، رفع تكاليف الاقتراض على الشركات، ما زاد الأعباء المالية عليها لتخفض الهوامش الربحية. وخسرت السوق في النصف الثاني من العام، ما كسبته في مطلع العام وحققت في تشرين الأول (أكتوبر) الماضي أدنى إغلاق يومي عند 5416 نقطة في ظل التشاؤم لدى المتعاملين. أشير في التقرير الأسبوعي ـ (العدد 8391) ـ إلى أن "السوق وصلت إلى مستويات التماسك والارتداد، حيث تعد مستويات 5350 نقطة أقوى الدعوم للسوق منذ عام 2009، واستطاعت السوق الدفاع عنها في أكثر من مناسبة، وتخطي حاجز 6100 نقطة سيعيد الثقة إلى السوق وسيفتح شهية المخاطرة" وبأن المصارف ستقود موجة الارتداد. وبالفعل كان شهر تشرين الأول (أكتوبر) بداية انطلاقة السوق نحو الأعلى. واستطاعت السوق أن تحقق في الربع الأخير من العام مكاسب بنحو 28 في المائة لتكون الأفضل ربحية من الأرباع الماضية حتى عام 2009. جاء الارتداد بقيادة المصارف بعد تدخل مؤسسة النقد بإيداع نحو 20 مليارا في المصارف، إضافة إلى توفير اتفاقية إعادة شراء لآجال تزيد على ليلة واحدة حتى 90 يوما. وتلك الإجراءات سمحت بتعزيز السيولة في النظام المالي ما يدفع بأسعار الفائدة بين المصارف "السايبر" إلى التراجع إلى مستويات 2 في المائة وتخفف الأعباء المالية على الشركات. وكانت شرارة انطلاق السوق الصاروخية التي خلالها حققت أطول سلسلة ارتفاع في عامين بعد ارتفاعها لسبعة أسابيع، قد بدأت بعد نجاح طرح السندات الدولية التي جمعت نحو 17 مليار دولار، وكانت طلبات الشراء للسندات هي الأعلى تاريخيا في الدول الناشئة، لتعكس متانة الاقتصاد السعودي ومستقبله في ظل تصنيف ائتماني مرتفع. ثم بدأ ظهور الوزراء الذين أوضحوا للجمهور الإجراءات الحكومية بشأن الإصلاحات لتتحسن شهية المخاطرة ثم زادت الثقة مع إقرار سداد مستحقات القطاع الخاص. ويأتي تأخر سداد متأخرات القطاع الخاص ليس لعجز الحكومة في الوفاء بالالتزامات، بل لإعادة هيكلة الاقتصاد السعودي التي تتطلب إعادة النظر في المشاريع التي تم إقرارها في سنوات سابقة ولم يبدأ تنفيذها أو تعثرت وذلك الإجراء مطلب لازم لرفع كفاءة الإنفاق الحكومي وضبط المالية العامة. ومع تحسن العوامل الداخلية، تحسنت أسعار النفط مدفوعة باتفاق "أوبك" لخفض وتجميد الإنتاج ما عزز من وتيرة ارتفاع السوق خاصة من القطاع البتروكيماوي الذي تشهد أسعار منتجاته ارتفاعا كبيرا ما يجعلها قادرة على تحقيق نمو سنوي في الربع الرابع. #2# ظهور الميزانية العامة بشفافية أعلى مع برنامج التوازن المالي، وسابقا "الرؤية 2030" وبرنامج التحول الوطني 2020 أصبحت الرؤية واضحة للمستثمرين للأعوام المقبلة، ما يقلل من مخاطر صدمات الإجراءات الحكومية والإصلاحات، وتحديد الخيارات الاستثمارية التي تتناسب مع توجهات الدولة، وذلك سيخدم النمو الاقتصادي. العام 2017 سيتوقع أن يكون أفضل حالا من العام السابق، حيث أسعار النفط ستجد دعما من اتفاق "أوبك" ما يدفع خام برنت بالوصول إلى مستويات 69 دولارا، وسيحسن ذلك من المالية العامة ويخفف الضغوط على السيولة المحلية من قبل الطلب الحكومي. كما أن أسعار الفائدة بين المصارف "السايبر" من غير المتوقع أن ترتفع أكثر من مستويات 2 في المائة حتى مع احتمالات رفع "الفيدرالي الأمريكي" الفائدة ثلاث مرات في العام الجاري مع افتراض أن كل رفع سيكون بربع النقطة. حيث الهامش بين "الريبو" و"الريبو العكسي" يبلغ الآن 125 نقطة، وفي حال رفع الريبو العكسي ثلاث مرات بواقع ربع نقطة في كل مرة سيرتفع في النهاية إلى 1.5 في المائة مقابل بقاء 2 في المائة في اتفاقية إعادة الشراء "الريبو"، أي أنه لن تضطر مؤسسة النقد "ساما" إلى تعديل الحد الأعلى من أسعار الفائدة في العام الجاري وهذا سيبقي تكلفة الاقتراض مستقرة خلال العام على الأقل. من جهة أخرى رفع أسعار الفائدة في الولايات المتحدة سيزيد التحديات من خلال ارتفاع سعر صرف الدولار أمام سلة من العملات، وذلك سيضغط على أسعار السلع من بينها النفط، وقد يحول من تحقق الارتفاع المتوقع له، كما سيؤثر في الشركات المحلية التي تعتمد على الأسواق الخارجية من بينها البتروكيماويات، ومخاطر تقلب العملات أحد عوامل المخاطرة في العام الجاري على الشركات. ومن المخاطر التي قد يكون لها تأثير جوهري في الاقتصاد رفع أسعار الكهرباء في العام الجاري للقطاع السكني، ومن المتوقع أن يتمكن برنامج حساب المواطن الذي سيقدم الدعم النقدي للأفراد متوسطي ومنخفضي الدخل من مواجهة مخاطر تراجع القوة الشرائية للمستهلكين. كما سترتفع أسعار وقود النقل، وستتأثر الشركات التي تشكل تكلفة النقل نسبة مرتفعة من المبيعات بشكل سلبي، حيث ستنخفض هوامش الربحية، ما لم تعِد هيكلة التكاليف أو تزيد مبيعاتها لتحقيق النمو. ورفع أسعار الكهرباء للقطاع غير السكني في عام 2018 إضافة إلى فرض ضريبة القيمة المضافة، بينما أسعار اللقيم للقطاع الصناعي سيتم رفعها في عام 2019، ما سيخفف الضغوط على الشركات المدرجة. #3# في المقابل هناك عوامل إيجابية قد تحجم من أثر تلك المتغيرات المرتقبة، حيث سيشهد القطاع العقاري نشاطا - بمشيئة الله - مع عودة الصندوق العقاري للإقراض مع المنتجات التمويلية الأخرى بالشراكة مع المصارف، إضافة إلى إنشاء شركة إعادة التمويل التي ستسهم في زيادة حجم السيولة في القطاع وسيأتي ذلك تزامنا مع رسوم الأراضي البيضاء الذي يهدف إلى تطويرها. وهذا القطاع الضخم ترتبط به عدة قطاعات ونشاط القطاع سيحقق مكاسب مباشرة وغير مباشرة لبعض الشركات المدرجة. إضافة إلى تحسن أسعار المنتجات البتروكيماوية ما يعزز ربحية القطاع القيادي في السوق. ومع التزام الحكومة بسداد مستحقات القطاع الخاص خلال 60 يوما، وزيادة الإنفاق الحكومي، والنشاط المرتقب للقطاع العقاري وغيرها من العوامل ستعزز من ربحية القطاع المصرفي. فنيا، السوق في 2017 تميل نحو الارتفاع إلى مستويات 8450 نقطة بينما مستويات 7250 و7800 مقاومة. أما الدعم فعند مستويات 6800 نقطة التي قد تصل إليها السوق خلال الربع الأول من 2017 ومن ثم الارتداد. ربحية الشركات عامل حاسم في حركة السوق لذا قد تنهي الشركات عام 2016 على تغير هامشي في الربحية، إلا أن الأرباع المقبلة من المهم فيها تحقيق النمو لتعزيز ربحية المؤشر العام. الأداء العام للسوق افتتحت السوق عام 2016 عند 6911 نقطة، وتراجعت إلى أدنى نقطة عند 5327 نقطة فاقدة 23 في المائة، ثم عوضت الخسائر لتحقق أعلى مستوى عند 7279 رابحة 5 في المائة، وأنهى المؤشر عام 2016 عند 7210 نقاط بمكاسب بلغت 298 نقطة بنسبة 4.3 في المائة. وتراجعت قيم التداول 30 في المائة إلى 1.16 تريليون ريال، بينما الأسهم المتداولة ارتفعت 2 في المائة إلى 68 مليار سهم. أما الصفقات فبلغت 27 مليون صفقة متراجعة بنسبة 10 في المائة. وعلى صعيد القطاعات، ارتفعت سبعة منها مقابل تراجع ثلاثة، تصدر المرتفعة "الطاقة" بنسبة 41 في المائة، يليه "البتروكيماويات" بنسبة 25 في المائة، وحل ثالثا "التطوير العقاري" بنسبة 21 في المائة. أما المتراجعة فجاء على رأسها "الفنادق والسياحة" بنسبة 44 في المائة، يليه "الإعلام والنشر" بنسبة 23 في المائة، وحل ثالثا "التجزئة" بنسبة 18 في المائة. وكان قطاع المصارف الأعلى استحواذا على السيولة بنسبة 19 في المائة بقيمة 219 مليار ريال، بينما الأقل كان قطاع الطاقة بقيمة 11.5 مليار ريال. وعلى صعيد الأسهم، تصدر المرتفعة "ولاء للتأمين" بنسبة 106 في المائة ليغلق عند 22.4 ريال، يليه "تكافل الراجحي" بنسبة 73 في المائة ليغلق عند 38.57 ريال، وحل ثالثا "ينساب" بنسبة 67 في المائة ليغلق عند 54.04 ريال. في المقابل تصدر المتراجعة "ملاذ للتأمين" بنسبة 60 في المائة ليغلق عند 8.7 ريال، يليه "العالمية" بنسبة 58 في المائة ليغلق عند 24.65 ريال، وحل ثالثا "عناية" بنسبة 51 في المائة ليغلق عند 16.21 ريال. وكان الأكثر تداولا "الإنماء" بقيمة 149 مليار ريال بنسبة 13 في المائة، يليه "سابك" بقيمة 130 مليار ريال بنسبة 11 في المائة، وحل ثالثا "دار الأركان" بنسبة 5 في المائة بتداولات 54.1 مليار ريال. الصفقات الخاصة ارتفعت قيمة الصفقات الخاصة في سوق الأسهم السعودية في 2016 إلى تسعة مليارات ريال لتتراجع إلى 59 في المائة مقارنة بـ 21.8 مليار ريال في عام 2015. وبذلك ترتفع قيمة الصفقات الخاصة تاريخيا - منذ بدء نشر البيانات - 75.5 مليار ريال. وتصدر "المراعي" الأسهم في قيمة الصفقات ليسيطر على 61 في المائة من إجمالي قيمة الصفقات الخاصة منذ مطلع 2016 بقيمة 5.5 مليار ريال معظمها تمت من خلال أربع صفقات، نتج عنها تخارج أحد كبار ملاك الشركة وتقلص آخر دون أن يقابلهما مالك جديد يمتلك أكثر من 5 في المائة، رغم أن تلك الصفقات يقارب حجمها 10 في المائة من قيمة الشركة. لكن التقرير الأسبوعي لـ "تداول" أظهر نموا استثنائيا في تداولات الصناديق الاستثمارية، ما يرجح أن المشتري كانت صناديق استثمارية خاصة. والصفقات الخاصة هي الأوامر التي يتم تنفيذها عندما يتفق مستثمر بائع ومستثمر مشترٍ على تداول أوراق مالية محددة وبسعر محدد بحيث تتوافق مع ضوابط السوق المالية السعودية "تداول" والقواعد واللوائح الصادرة عن هيئة السوق المالية ذات العلاقة. ويتم تنفيذ الصفقة خارج سوق التداولات الاعتيادية ولا تؤثر في الأسعار، لكن تحتسب قيمتها مع تداولات السهم أو السوق. ومن الممكن أن يتم الاتفاق بين الطرفين بأسعار تزيد أو تقل عن 10 في المائة من سعر الإغلاق السابق للسهم باتفاق الطرفين. #4# ملكية المستثمرين ظلت الجهات الحكومية أكبر مالك لحصة في سوق الأسهم السعودية بقيمة 663 مليار ريال تعادل 39 في المائة من قيمة السوق، بينما الأفراد السعوديون بلغت قيمة ممتلكاتهم 482 مليار ريال بنسبة 29 في المائة معظمها لفئة الأفراد المتخصصين. بينما تراجعت ملكية الأجانب إلى 4 في المائة من 5 في المائة في العام السابق. إلا أن فئة المستثمرين الأجانب المؤهلين ارتفعت 88 في المائة إلى ملياري ريال تقريبا. وكان أعلى نمو في الملكية في فئة الصناديق الاستثمارية السعودية حيث ارتفعت 92 في المائة لتصبح قيمتها 88 مليار تعادل 5 في المائة من السوق. الشركات الخاسرة بلغت الشركات الخاسرة 50 في المائة وأكثر من رأسمالها 13 شركة. والشركات ذات الخسائر المتراكمة بنسبة 50 في المائة إلى أقل من 75 في المائة من رأسمالها هي "الأسماك"، "أمانة للتأمين"، "سوليدرتي تكافل"، "الأهلية"، "ملاذ للتأمين"، و"تهامة". بينما الشركات ذات الخسائر المتراكمة بنسبة 75 في المائة إلى أقل من 100 في المائة من رأسمالها، هي "نماء"، "سند للتأمين"، و"اتحاد عذيب". أما الشركات ذات الخسائر المتراكمة بنسبة 100 في المائة فأكثر من رأسمالها والموقوفة عن التداول الآني، فهي: "وقاية للتأمين"، "الباحة"، "المعجل"، و"بيشة". الاكتتابات انخفض عدد الشركات المطروحة خلال عام 2016 إلى ثلاث لتكون الأقل على الإطلاق منذ تأسيس هيئة السوق المالية. وكانت في العام السابق أربع شركات، وأعلى عام سجلت السوق فيه زيادة في الشركات المدرجة عام 2007 بـ 27 طرحا أوليا. وبذلك ترتفع الاكتتابات في السوق - منذ تأسيس الهيئة - إلى 94 شركة. وكانت أعلى الاكتتابات خلال عام 2016 هي: شركة الشرق الأوسط للرعاية الصحية بنحو 27.6 مليون سهم بسعر 64 ريالا، يليها شركة اليمامة للصناعات الحديدية بنحو 15.2 مليون سهم بسعر 36 ريالا، وآخر شركة لازوردي بـ 12.9 مليون سهم بسعر 37 ريالا. سوق الصكوك والسندات تراجعت الصفقات المنفذة 42 في المائة من سبع صفقات إلى أربع صفقات. وتراجعت قيم التداول 0.44 في المائة إلى 450 مليون ريال. وذلك تداولا على ستة صكوك ألغي منها "صكوك سبكيم" في منتصف العام. صناديق المؤشرات المتداولة تراجعت قيم التداول على صناديق المؤشرات المتداولة بنحو 46 في المائة إلى مليار ريال وهي حصيلة تداول 41.8 مليون وحدة تمت عبر 1656 صفقة. وبلغت الصناديق المتداولة ثلاثة صناديق أحدها متخصص في قطاع البتروكيماويات بينما الآخران في الأسهم القيادية. صناديق الاستثمار وافقت هيئة السوق المالية على طرح 12 صندوقا طرحا عاما، مقابل 14 صندوقا في العام السابق. ونحو ثمانية صناديق تستثمر في سوق الأسهم السعودية، أربعة منها متخصصة في السوق السعودية والبقية تستثمر في أسواق أو أصول أخرى مع الأسهم السعودية. وبلغ إجمالي عدد الصناديق التي تستثمر في الأسهم المحلية حتى نهاية العام 97 صندوقا.</p>
</div></div></div><div class="field field-name-field-binary field-type-image field-label-above"><div class="field-label">Image:&nbsp;</div><div class="field-items"><div class="field-item even"><img typeof="foaf:Image" src="http://www.aleqt.com/sites/default/files/a/1114719_517787.jpg" width="1000" height="1275" alt="" /></div><div class="field-item odd"><img typeof="foaf:Image" src="http://www.aleqt.com/sites/default/files/a/1114719_517786.jpg" width="1000" height="918" alt="" /></div><div class="field-item even"><img typeof="foaf:Image" src="http://www.aleqt.com/sites/default/files/a/1114719_517785.jpg" width="1000" height="605" alt="" /></div><div class="field-item odd"><img typeof="foaf:Image" src="http://www.aleqt.com/sites/default/files/a/1114719_517784.jpg" width="1000" height="632" alt="" /></div></div></div><div class="field field-name-field-category field-type-taxonomy-term-reference field-label-above"><div class="field-label">category:&nbsp;</div><div class="field-items"><div class="field-item even"><a href="/sections/%D8%A3%D8%B3%D9%88%D8%A7%D9%82-%D8%A7%D9%84%D8%A3%D8%B3%D9%87%D9%85" typeof="skos:Concept" property="rdfs:label skos:prefLabel" datatype="">أسواق الأسهم</a></div></div></div><div class="field field-name-field-author field-type-text field-label-above"><div class="field-label">Author:&nbsp;</div><div class="field-items"><div class="field-item even">* أحمد الرشيد من الرياض</div></div></div><div class="field field-name-field-publication-date field-type-datestamp field-label-above"><div class="field-label">publication date:&nbsp;</div><div class="field-items"><div class="field-item even"><span class="date-display-single" property="dc:date" datatype="xsd:dateTime" content="2017-01-01T00:00:00+03:00">الأحد, يناير 1, 2017 (All day)</span></div></div></div>', CAST(N'2017-01-01T20:23:22.000' AS DateTime), N'1114719 at http://www.aleqt.com', 12, N'http://www.aleqt.com/node/1114719')
INSERT [dbo].[NewsTBL] ([Id], [title], [description], [pubDate], [enclosure], [FeedId], [URL]) VALUES (203, N'الأسهم السعودية تنهي آخر أسبوع في العام بمكاسب 26 مليار ريال', N'<div class="field field-name-body field-type-text-with-summary field-label-hidden"><div class="field-items"><div class="field-item even" property="content:encoded"><p>أنهت الأسهم السعودية آخر أسبوع من العام الجاري على مكاسب بلغت 122 نقطة بنسبة 1.7 في المائة ليغلق عند 7210 نقاط. جاء الأداء متوافقا مع التقرير السابق، حيث أشير فيه إلى إغلاق السوق عند مستويات 7250 نقطة متفاعلا مع بيانات الميزانية العامة والتوازن المالي، لترتفع قيمة السوق إلى 1.68 تريليون ريال بمكاسب بلغت 26 مليار ريال. ولا تزال السوق تحتفظ بالإيجابية على المديين المتوسط والقصير، إلا أن ذلك لا يمنع من دخول السوق في موجة تراجع ثانوية تمتد إلى 7030 أو 6850 نقطة، وستدخل في ذلك المسار السلبي في حال فقدت مستويات 7200 نقطة. وإن حدثت التراجعات، ستكون مدفوعة بإعادة توزيع الأسهم في المحافظ، خاصة بعد موجات الارتفاع القوية في بعض الأسهم، ما جعل مكررات ربحيتها مرتفعة، ما يدفع بالمتعاملين التخارج منها والاتجاه إلى المكررات المنخفضة، والبحث عن العائد الجاري الأعلى مع بدء موسم التوزيعات النقدية السنوية. #2# والتطورات الجوهرية المحتملة في القطاع العقاري، قد تحدث تغيرا في تركز السيولة، حيث ستتجه إلى القطاعات التي تخدم القطاع العقاري، خاصة مع أنباء عن إقرار قروض عقارية بعدد قياسي. كما أن تفعيل اتفاق "أوبك" سيعزز أسعار النفط لاحقا، ما يخدم القطاع البتروكيماوي. وكانت السيولة تتركز في القطاع المصرفي بشكل أساسي، بعد نجاح طرح السندات الدولية وسداد مستحقات القطاع الخاص وإجراءات مؤسسة النقد المحفزة للقطاع المصرفي. الأداء العام للسوق افتتح المؤشر العام عند 7087 نقطة، ارتفع في جلستين وتراجع في البقية، كانت أعلى نقطة عند 7279 نقطة رابحا 2.7 في المائة بينما لم يحقق أية خسائر أسبوعية. في نهاية الأسبوع أغلق عند 7210 نقطة رابحا 122 نقطة بنسبة 1.7 في المائة، ارتفعت قيم التداول 29 في المائة إلى 27 مليار ريال، بلغ معدل قيمة الصفقة الواحدة 42 ألف ريال. بينما الأسهم المتداولة ارتفعت 28 في المائة إلى 1.5 مليار سهم متداول، وبلغ معدل التدوير للأسهم الحرة 7 في المائة. اما الصفقات ارتفعت 21 في المائة إلى 652 ألف صفقة. أداء القطاعات ارتفعت جميع القطاعات ماعدا ثلاثة على رأسها "الاتصالات" بنسبة 0.71 في المائة، يليه "الصناديق العقارية" بنسبة 0.45 في المائة، وحل ثالثا "الإعلام والنشر" بنسبة 0.37 في المائة. #3# وتصدر المرتفعة "الفنادق والسياحة" بنسبة 6.2 في المائة، يليه "الطاقة" بنسبة 4.5 في المائة، وحل ثالثا "التشييد والبناء" بنسبة 3.9 في المائة، كان الأعلى تداولا "التأمين" بنسبة 16 في المائة بقيمة 4.5 مليار ريال، يليه "المصارف" بقيمة 4.1 مليار ريال بنسبة 15 في المائة، وحل ثالثا "البتروكيماويات" بنسبة 15 في المائة بقيمة 4 مليارات ريال. أما الأعلى في معدل التدوير للأسهم الحرة قطاع الإعلام والنشر بنسبة 61 في المائة، يليه "التأمين" بنسبة 30 في المائة، وحل ثالثا قطاع التطوير العقاري بنسبة 14 في المائة. أما الأعلى في معدل قيمة الصفقة الواحدة "المصارف" بمعدل 97 ألف ريال، يليه "التطوير العقاري" بمعدل 80 ألف ريال، وحل ثالثا "البتروكيماويات" بمعدل 68 ألف ريال. أداء الأسهم تصدر سهم "تهامة" الأعلى ارتفاعا بنسبة 32 في المائة ليغلق عند 33.96 ريال، يليه "ساسكو" بنسبة 28 في المائة ليغلق عند 18.79 ريال، وحل ثالثا "بروج للتأمين" بنسبة 17 في المائة ليغلق عند 24.11 ريال. وتصدر المتراجعة "نماء للكيماويات" بنسبة 6 في المائة ليغلق عند 6.20 ريال، يليه "الكيميائية" بنسبة 4.6 في المائة ليغلق عند 38.94 ريال، وحل ثالثا "اتحاد اتصالات" بنسبة 3 في المائة ليغلق عند 23.99 ريال. وجاء الأعلى استحواذا على السيولة سهم "الإنماء" بنسبة 9 في المائة بتداولات 2.4 مليار ريال، يليه "سابك" بنسبة 7 في المائة بتداولات 1.9 مليار ريال، وحل ثالثا "دار الأركان" بنسبة 7 في المائة بقيمة 1.9 مليار ريال. فيما الأعلى تدويرا للأسهم الحرة "الوطنية" بنسبة 183 في المائة، يليه "الإنماء طوكيو م" بنسبة 170 في المائة، وحل ثالثا "تكوين" بنسبة 152 في المائة. بينما الأعلى في معدل قيمة الصفقة الواحدة "الراجحي" بمعدل 183 ألف ريال، يليه "جبل عمر" بمعدل 177 ألف ريال، وحل ثالثا "المراعي" بمعدل 167 ألف ريال. * وحدة التقارير الاقتصادية</p>
</div></div></div><div class="field field-name-field-binary field-type-image field-label-above"><div class="field-label">Image:&nbsp;</div><div class="field-items"><div class="field-item even"><img typeof="foaf:Image" src="http://www.aleqt.com/sites/default/files/a/1114292_517287.jpg" width="1000" height="631" alt="" /></div><div class="field-item odd"><img typeof="foaf:Image" src="http://www.aleqt.com/sites/default/files/a/1114292_517288.jpg" width="1000" height="909" alt="" /></div><div class="field-item even"><img typeof="foaf:Image" src="http://www.aleqt.com/sites/default/files/a/1114292_517289.jpg" width="1000" height="676" alt="" /></div></div></div><div class="field field-name-field-category field-type-taxonomy-term-reference field-label-above"><div class="field-label">category:&nbsp;</div><div class="field-items"><div class="field-item even"><a href="/sections/%D8%A3%D8%B3%D9%88%D8%A7%D9%82-%D8%A7%D9%84%D8%A3%D8%B3%D9%87%D9%85" typeof="skos:Concept" property="rdfs:label skos:prefLabel" datatype="">أسواق الأسهم</a></div></div></div><div class="field field-name-field-author field-type-text field-label-above"><div class="field-label">Author:&nbsp;</div><div class="field-items"><div class="field-item even">*أحمد الرشيد من الرياض</div></div></div><div class="field field-name-field-publication-date field-type-datestamp field-label-above"><div class="field-label">publication date:&nbsp;</div><div class="field-items"><div class="field-item even"><span class="date-display-single" property="dc:date" datatype="xsd:dateTime" content="2016-12-31T00:00:00+03:00">السبت, ديسمبر 31, 2016 (All day)</span></div></div></div>', CAST(N'2016-12-30T21:06:29.000' AS DateTime), N'1114292 at http://www.aleqt.com', 12, N'http://www.aleqt.com/node/1114292')
INSERT [dbo].[NewsTBL] ([Id], [title], [description], [pubDate], [enclosure], [FeedId], [URL]) VALUES (204, N'الأسهم السعودية تنهي تداولات 2016 بارتفاع 4.3 %', N'<div class="field field-name-body field-type-text-with-summary field-label-hidden"><div class="field-items"><div class="field-item even" property="content:encoded"><p>تراجعت الأسهم السعودية للجلسة الثانية على التوالي في آخر جلسة للعام الجاري، لتغلق عند 7210 نقاط، فاقدة 30 نقطة بنسبة 0.4 في المائة، وبانتهاء تداولات أمس تكون الأسهم السعودية قد حققت ارتفاعا بنحو 4.3 في المائة خلال عام 2016. وجاء أداء المؤشر أمس متوافقا مع التقرير السابق، حيث أشير فيه إلى استمرارية التراجع إلى مستويات 7228 نقطة وجاء الإغلاق قريبا من تلك المستويات، كما جاء التراجع بضغط من البتروكيماويات ولعبت المصارف دورا مساندا، واستمرار محافظة السوق على مستويات 7200 نقطة سيحفز السوق للعودة إلى الربحية حتى مستويات 7380 نقطة. بينما كسر حاجز 7200 نقطة سيعيد السوق إلى مستويات 7030 نقطة. تتجه الأنظار نحو النتائج المالية السنوية للشركات والتي يبدأ موسمها خلال الأسبوع المقبل، كما أن هناك عوامل قد تكون محفزة للسوق، حيث من المنتظر أن ينعكس اتفاق "أوبك" على الأسعار خلال الفترة القادمة بعد تفعيله، ما سيكون أحد الحوافز الداعمة للسوق لاستمرارية الاتجاه الصاعد، خاصة في القطاع البتروكيماوي القيادي إضافة إلى موسم التوزيعات النقدية، حيث ستتجه السيولة نحو الشركات الأعلى توزيعا للربحية واستقرارا في التوزيع للاستفادة من نسبة العوائد الجارية التي تفوق الودائع المصرفية الزمنية. #2# الأداء العام للسوق افتتح المؤشر العام عند 7240 نقطة، ولم يحقق أية مكاسب تذكر ليتجه نحو أدنى نقطة في الجلسة عند 7187 نقطة فاقدا 0.73 في المائة، في نهاية الجلسة أغلق عند 7210 نقاط فاقدا 30 نقطة بنسبة 0.4 في المائة. تراجعت قيم التداول 7 في المائة إلى 5.4 مليار ريال، وبلغ معدل قيمة الصفقة الواحدة 44 ألف ريال. بينما الأسهم المتداولة تراجعت 4 في المائة إلى 309 ملايين سهم متداول، وبلغ معدل التدوير للأسهم الحرة 1.6 في المائة. أما الصفقات تراجعت 13 في المائة إلى 123 ألف صفقة. أداء القطاعات ارتفعت ثلاثة قطاعات مقابل تراجع البقية. تصدر المرتفعة "النقل" بنسبة 1.4 في المائة، يليه "الزراعة" بنسبة 0.31 في المائة، وحل ثالثا "الفنادق والسياحة" بنسبة 0.27 في المائة. وتصدر المتراجعة "الاستثمار المتعدد" بنسبة 1.1 في المائة، يليه "الإعلام والنشر" بنسبة 1.1 في المائة، وحل ثالثا "البتروكيماويات" بنسبة 1 في المائة. كان الأعلى تداولا "البتروكيماويات" بقيمة مليار ريال بنسبة 20 في المائة، يليه "التطوير العقاري" بنسبة 13 في المائة بقيمة 720 مليون ريال، وحل ثالثا "التأمين" بنسبة 13 في المائة بقيمة 694 مليون ريال. #3# أداء الأسهم تداولت السوق 170 سهما، تراجع 67 في المائة من الأسهم مقابل ارتفاع 30 في المائة. وتصدر المرتفعة «الحمادي» بنسبة 4.8 في المائة ليغلق عند 41.7 ريال يلية «ساسكو» بنسبة 4٫7 في المائة ليغلق عند 18.8 ريال وحل ثالثا «تشب» بنسبة 5 في المائة ليغلق عند 44.9 ريال. وتصدر المتراجعة "نماء" بنسبة 9.7 في المائة ليغلق عند 6.20 ريال، يليه "سبكيم" بنسبة 3.4 في المائة ليغلق عند 18.90 ريال، وحل ثالثا "مجموعة الحكير" بنسبة 2.6 في المائة ليغلق عند 38.35 ريال. كان الأعلى تداولا "سابك" بقيمة 716 مليون ريال بنسبة 13 في المائة ، يليه "دار الأركان" بنسبة 11 في المائة بقيمة 592 مليون ريال، وحل ثالثا "الإنماء" بقيمة 420 مليون ريال بنسبة 8 في المائة. * وحدة التقارير الاقتصادية</p>
</div></div></div><div class="field field-name-field-binary field-type-image field-label-above"><div class="field-label">Image:&nbsp;</div><div class="field-items"><div class="field-item even"><img typeof="foaf:Image" src="http://www.aleqt.com/sites/default/files/a/1114130_517189.jpg" width="1000" height="830" alt="" /></div><div class="field-item odd"><img typeof="foaf:Image" src="http://www.aleqt.com/sites/default/files/a/1114130_517190.jpg" width="1000" height="473" alt="" /></div><div class="field-item even"><img typeof="foaf:Image" src="http://www.aleqt.com/sites/default/files/a/1114130_517191.jpg" width="1000" height="259" alt="" /></div></div></div><div class="field field-name-field-category field-type-taxonomy-term-reference field-label-above"><div class="field-label">category:&nbsp;</div><div class="field-items"><div class="field-item even"><a href="/sections/%D8%A3%D8%B3%D9%88%D8%A7%D9%82-%D8%A7%D9%84%D8%A3%D8%B3%D9%87%D9%85" typeof="skos:Concept" property="rdfs:label skos:prefLabel" datatype="">أسواق الأسهم</a></div></div></div><div class="field field-name-field-author field-type-text field-label-above"><div class="field-label">Author:&nbsp;</div><div class="field-items"><div class="field-item even">* أحمد الرشيد من الرياض</div></div></div><div class="field field-name-field-publication-date field-type-datestamp field-label-above"><div class="field-label">publication date:&nbsp;</div><div class="field-items"><div class="field-item even"><span class="date-display-single" property="dc:date" datatype="xsd:dateTime" content="2016-12-30T00:00:00+03:00">الجمعة, ديسمبر 30, 2016 (All day)</span></div></div></div>', CAST(N'2016-12-29T21:08:21.000' AS DateTime), N'1114130 at http://www.aleqt.com', 12, N'http://www.aleqt.com/node/1114130')
INSERT [dbo].[NewsTBL] ([Id], [title], [description], [pubDate], [enclosure], [FeedId], [URL]) VALUES (205, N'أسهم أمريكا تفتح مستقرة وسط مكاسب الطاقة وخسائر التكنولوجيا', N'<div class="field field-name-body field-type-text-with-summary field-label-hidden"><div class="field-items"><div class="field-item even" property="content:encoded"><p>استقر المؤشران داو جونز الصناعي وستاندرد آند بورز 500 عند الفتح في بورصة وول ستريت اليوم الأربعاء، حيث عوض ارتفاع أسهم شركات الطاقة الخسائر التي تكبدتها أسهم التكنولوجيا وأثرت سلبا على المؤشر ناسداك.<br />
وزاد المؤشر داو جونز الصناعي 18.01 نقطة أو 0.07 بالمئة إلى 25989.07 نقطة.<br />
وارتفع المؤشر ستاندرد آند بورز 500 بمقدار 0.40 نقطة أو 0.01 بالمئة إلى 2888.29 نقطة.<br />
وتراجع المؤشر ناسداك المجمع 13.60 نقطة أو 0.17 بالمئة إلى 7958.87 نقطة.</p>
</div></div></div><div class="field field-name-field-binary field-type-image field-label-above"><div class="field-label">Image:&nbsp;</div><div class="field-items"><div class="field-item even"><img typeof="foaf:Image" src="http://www.aleqt.com/sites/default/files/rbitem/2018/09/12/903346-1197932459.jpg" width="640" height="320" alt="" /></div></div></div><div class="field field-name-field-category field-type-taxonomy-term-reference field-label-above"><div class="field-label">category:&nbsp;</div><div class="field-items"><div class="field-item even"><a href="/sections/%D8%A3%D8%B3%D9%88%D8%A7%D9%82-%D8%A7%D9%84%D8%A3%D8%B3%D9%87%D9%85" typeof="skos:Concept" property="rdfs:label skos:prefLabel" datatype="">أسواق الأسهم</a></div></div></div><div class="field field-name-field-author field-type-text field-label-above"><div class="field-label">Author:&nbsp;</div><div class="field-items"><div class="field-item even">رويترز</div></div></div><div class="field field-name-field-publication-date field-type-datestamp field-label-above"><div class="field-label">publication date:&nbsp;</div><div class="field-items"><div class="field-item even"><span class="date-display-single" property="dc:date" datatype="xsd:dateTime" content="2018-09-12T16:45:15+03:00">الاربعاء, سبتمبر 12, 2018 - 16:45</span></div></div></div>', CAST(N'2018-09-12T13:54:52.000' AS DateTime), N'1452841 at http://www.aleqt.com', 12, N'http://www.aleqt.com/2018/09/12/article_1452841.html')
INSERT [dbo].[NewsTBL] ([Id], [title], [description], [pubDate], [enclosure], [FeedId], [URL]) VALUES (206, N'نيكي الياباني يغلق مرتفعا لكنه يسجل سادس خسارة أسبوعية', N'<div class="field field-name-body field-type-text-with-summary field-label-hidden"><div class="field-items"><div class="field-item even" property="content:encoded"><p> ارتفعت الأسهم اليابانية في ختام التعاملات اليوم الجمعة لكنها تكبدت سادس خسائرها الأسبوعية على التوالي في أطول موجة هبوط من نوعها منذ يناير كانون الثاني 2014.<br />
وأغلق المؤشر نيكي القياسي مرتفعا 0.5 بالمئة عند 19452.61 نقطة، وإن كانت السوق شهدت نشاطا محدودا مع ترقب المستثمرين كلمات تلقى خلال منتدى عالمي للبنوك المركزية في جاكسون هول بولاية وايومنج في وقت لاحق اليوم.<br />
وعلى مدى الأسبوع، نزل المؤشر نيكي 0.09 بالمئة.<br />
وارتفع المؤشر توبكس الأوسع نطاقا 0.3 بالمئة لينهي اليوم عند 1596.99 نقطة، وبلغت قيمة التداولات 1.714 تريليون ين (6.51 مليار دولار) فقط. وتعتبر التداولات التي تقل عن تريليوني ين هزيلة.<br />
ومن المقرر أن يلقي كل من رئيسة مجلس الاحتياطي الاتحادي (البنك المركزي الأمريكي) جانيت يلين ورئيس البنك المركزي الأوروبي ماريو دراجي كلمة خلال مؤتمر البنوك المركزية اليوم الجمعة.<br />
وجذبت أسهم شركات التصدير المشترين مع استقرار الدولار عند 109.59 ين بعدما صعد 0.5 بالمئة في الأسواق الخارجية.<br />
وزاد سهم تويوتا موتور 0.8 بالمئة وهوندا موتور 0.6 بالمئة وأدفانتست كورب 0.9 بالمئة.<br />
كما ارتفعت أسهم القطاع المالي، حيث صعد سهم مجموعة ميتسوبيشي يو.إف.جيه المالية 0.7 بالمئة وداي-ايتشي لايف هولدنجز للتأمين 0.6 بالمئة.<br />
 </p>
</div></div></div><div class="field field-name-field-binary field-type-image field-label-above"><div class="field-label">Image:&nbsp;</div><div class="field-items"><div class="field-item even"><img typeof="foaf:Image" src="http://www.aleqt.com/sites/default/files/rbitem/2017/08/25/677336-1949151365.jpg" width="709" height="400" alt="" /></div></div></div><div class="field field-name-field-category field-type-taxonomy-term-reference field-label-above"><div class="field-label">category:&nbsp;</div><div class="field-items"><div class="field-item even"><a href="/sections/%D8%A3%D8%B3%D9%88%D8%A7%D9%82-%D8%A7%D9%84%D8%A3%D8%B3%D9%87%D9%85" typeof="skos:Concept" property="rdfs:label skos:prefLabel" datatype="">أسواق الأسهم</a></div></div></div><div class="field field-name-field-author field-type-text field-label-above"><div class="field-label">Author:&nbsp;</div><div class="field-items"><div class="field-item even">رويترز</div></div></div><div class="field field-name-field-publication-date field-type-datestamp field-label-above"><div class="field-label">publication date:&nbsp;</div><div class="field-items"><div class="field-item even"><span class="date-display-single" property="dc:date" datatype="xsd:dateTime" content="2017-08-25T10:45:00+03:00">الجمعة, أغسطس 25, 2017 - 10:45</span></div></div></div>', CAST(N'2017-08-25T07:49:37.000' AS DateTime), N'1242076 at http://www.aleqt.com', 12, N'http://www.aleqt.com/2017/08/25/article_1242076.html')
INSERT [dbo].[NewsTBL] ([Id], [title], [description], [pubDate], [enclosure], [FeedId], [URL]) VALUES (207, N' البورصة المصرية تربح 14.9  مليار جنيه خلال تعاملات الأسبوع الماضي', N'<div class="field field-name-body field-type-text-with-summary field-label-hidden"><div class="field-items"><div class="field-item even" property="content:encoded"><p>ربح رأسمال السوقي لأسهم الشركات المقيدة بالبورصة المصرية خلال تعاملات الأسبوع الماضي نحو 9ر14مليار جنيه ليبلغ نحو 56ر629 مليار جنيه.<br />
وارتفع أداء مؤشرات السوق الرئيسية بشكل جماعي فقفز مؤشر/إيجي اكس 30/ بنحو 12ر3 % ليبلغ مستوى13224نقطة، وزاد مؤشر/إيجي اكس 70/ بنحو 9ر1 % ليغلق عند مستوى473 نقطة، وارتفع مؤشر/إيجي إكس100/ بنحو 71ر3 في المائة ليصل إلى مستوى 1113 نقطة.<br />
وأشار التقرير الأسبوعي للبورصة المصرية إلى ارتفاع إجمالي قيم التداولات لتبلغ نحو8 مليارات جنيه، لافتًا إلى أن كمية التداول بلغت نحو 696ر2 مليار ورقة منفذة على 183ألف عملية.<br />
وأفاد أن تعاملات المصريين استحوذت على40ر79 % من إجمالي تعاملات السوق، وأن الأجانب غير العرب استحوذوا على نسبة 18ر12 % والعرب على42 ر8 % بعد استبعاد الصفقات.<br />
وأخبر التقرير أن تعاملات الأجانب غير العرب سجلت صافي شراء بقيمة 49ر260 مليون جنيه وأن العرب سجلوا صافي شراء بقيمة 54ر2مليون جنيه بعد استبعاد الصفقات.<br />
وأوضح أن المؤسسات استحوذت على 26ر28 % من المعاملات في البورصة وأن باقي المعاملات كانت من نصيب الأفراد بنسبة 74ر71 %، منوها إلى أن المؤسسات سجلت صافي شراء بقيمة 02ر0 مليون جنيه بعد استبعاد الصفقات.<br />
وخلص التقرير إلى القول إن إجمالي قيمة التداول على إجمالي السندات بلغت نحو115 مليون جنيه، وأن إجمالي حجم التعامل على السندات بلغ 119 ألف سند تقريبا.<br />
 </p>
</div></div></div><div class="field field-name-field-binary field-type-image field-label-above"><div class="field-label">Image:&nbsp;</div><div class="field-items"><div class="field-item even"><img typeof="foaf:Image" src="http://www.aleqt.com/sites/default/files/rbitem/2017/01/13/544301-1766547292.jpg" width="4256" height="2832" alt="" /></div></div></div><div class="field field-name-field-category field-type-taxonomy-term-reference field-label-above"><div class="field-label">category:&nbsp;</div><div class="field-items"><div class="field-item even"><a href="/sections/%D8%A3%D8%B3%D9%88%D8%A7%D9%82-%D8%A7%D9%84%D8%A3%D8%B3%D9%87%D9%85" typeof="skos:Concept" property="rdfs:label skos:prefLabel" datatype="">أسواق الأسهم</a></div></div></div><div class="field field-name-field-author field-type-text field-label-above"><div class="field-label">Author:&nbsp;</div><div class="field-items"><div class="field-item even">واس</div></div></div><div class="field field-name-field-publication-date field-type-datestamp field-label-above"><div class="field-label">publication date:&nbsp;</div><div class="field-items"><div class="field-item even"><span class="date-display-single" property="dc:date" datatype="xsd:dateTime" content="2017-01-13T13:45:45+03:00">الجمعة, يناير 13, 2017 - 13:45</span></div></div></div>', CAST(N'2017-01-13T10:41:32.000' AS DateTime), N'1120161 at http://www.aleqt.com', 12, N'http://www.aleqt.com/2017/01/13/article_1120161.html')
INSERT [dbo].[NewsTBL] ([Id], [title], [description], [pubDate], [enclosure], [FeedId], [URL]) VALUES (208, N'الأسهم السعودية تمحو معظم مكاسبها بضغوط البيع .. والسيولة ترتفع 31 %', N'<div class="field field-name-body field-type-text-with-summary field-label-hidden"><div class="field-items"><div class="field-item even" property="content:encoded"><p>فقدت الأسهم السعودية أثناء تداولات أمس 82 في المائة من مكاسبها، وذلك بعد وصولها إلى مستويات 7290 نقطة إلا أنها خسرتها في نهاية الجلسة لتغلق عند 7247 نقطة بمكاسب 0.1 في المائة. أشير في التقرير السابق إلى أن استمرار تداول السوق حول مستويات 7200 نقطة لفترة طويلة، جعل المستويات الحالية هي القيمة المستحقة للسوق بحسب الظروف الحالية، ما سيدفع بالمضاربين إلى التخارج من السوق بعد توقف نمو الأرباح الرأسمالية. تداولات أمس أعطت إشارة سلبية، ما يجعل جلسة اليوم حاسمة، حيث إن السوق أغلقت على تراجع ستزيل احتمالات الدخول لموجة جني أرباح، لكنها ستكون ثانوية، إذ سيعود السوق لاحقا إلى تحقيق مستويات أعلى من الحالية. تعد مستويات 7187 نقطة حاجز الدعم تليها 7080 نقطة. ستعود الأسواق العالمية للتداول، ما يعيد العوامل الخارجية المؤثرة للسوق، خاصة أسعار الطاقة، حيث من المتوقع أن تتحسن أسعار النفط بعد اتفاق "أوبك" بتخفيض الإنتاج. الأداء العام للسوق #2# افتتح المؤشر العام عند 7237 نقطة، تداول بين الارتفاع والانخفاض، وكانت أعلى نقطة عند 7290 نقطة رابحا 0.7 في المائة، بينما أدنى نقطة عند 7224 نقطة فاقدا 0.18 في المائة. في نهاية الجلسة أغلق المؤشر العام عند 7247 نقطة رابحا تسع نقاط بنسبة 0.1 في المائة. وارتفعت قيم التداول 31 في المائة إلى 5.8 مليار ريال، وبلغ معدل قيمة الصفقة الواحدة 39.5 ألف ريال. بينما الأسهم المتداولة زادت 24 في المائة إلى 326 مليون سهم متداول، وبلغ معدل التدوير للأسهم الحرة 1.7 في المائة. أما الصفقات فقد ارتفعت 30 في المائة إلى 147 ألف صفقة. أداء القطاعات #3# ارتفعت سبعة قطاعات مقابل تراجع تسعة قطاعات. وتصدر المرتفعة "الاستثمار المتعدد" بنسبة 1.4 في المائة، يليه "الزراعة" بنسبة 1.2 في المائة، وحل ثالثا "الاتصالات" بنسبة 1 في المائة. وتصدر المتراجعة "الفنادق والسياحة" بنسبة 1.2 في المائة، يليه "النقل" بنسبة 0.9 في المائة، وحل ثالثا "التأمين" بنسبة 0.9 في المائة. وكان الأعلى تداولا "المصارف" بنسبة 14 في المائة بقيمة 777 مليون ريال، يليه "البتروكيماويات" بقيمة 684 مليون ريال بنسبة 12 في المائة، وحل ثالثا "التأمين" بنسبة 11 في المائة بقيمة 643 مليون ريال. أداء الأسهم #4# تداولت السوق 171 سهما، تراجع 53 في المائة مقابل ارتفاع 41 في المائة، واستقرار البقية. وتصدر الأسهم المرتفعة "متطورة" بنسبة 10 في المائة ليغلق عند 14.30 ريال، يليه "مدينة المعرفة" بنسبة 4.7 في المائة ليغلق عند 19.47 ريال، وحل ثالثا "إعمار" بنسبة 4.6 في المائة ليغلق عند 18.04 ريال. في المقابل تصدر المتراجعة "نماء" بنسبة 9.8 في المائة ليغلق عند 5.05 ريال، يليه "تهامة" بنسبة 9.8 في المائة ليغلق عند 27.62 ريال، وحل ثالثا "ساسكو" بنسبة 9.5 في المائة ليغلق عند 18.69 ريال. وكان الأعلى تداولا "الإنماء" بقيمة 496 مليون ريال بنسبة 8 في المائة، يليه "سابك" بقيمة 405 ملايين ريال بنسبة 7 في المائة، وحل ثالثا "دار الأركان" بنسبة 6 في المائة بقيمة 365 مليون ريال. * وحدة التقارير الاقتصادية</p>
</div></div></div><div class="field field-name-field-binary field-type-image field-label-above"><div class="field-label">Image:&nbsp;</div><div class="field-items"><div class="field-item even"><img typeof="foaf:Image" src="http://www.aleqt.com/sites/default/files/a/1115026_517910.jpg" width="165" height="579" alt="" /></div><div class="field-item odd"><img typeof="foaf:Image" src="http://www.aleqt.com/sites/default/files/a/1115026_517909.jpg" width="1005" height="261" alt="" /></div><div class="field-item even"><img typeof="foaf:Image" src="http://www.aleqt.com/sites/default/files/a/1115026_517908.jpg" width="495" height="404" alt="" /></div><div class="field-item odd"><img typeof="foaf:Image" src="http://www.aleqt.com/sites/default/files/a/1115026_517907.jpg" width="494" height="265" alt="" /></div></div></div><div class="field field-name-field-category field-type-taxonomy-term-reference field-label-above"><div class="field-label">category:&nbsp;</div><div class="field-items"><div class="field-item even"><a href="/sections/%D8%A3%D8%B3%D9%88%D8%A7%D9%82-%D8%A7%D9%84%D8%A3%D8%B3%D9%87%D9%85" typeof="skos:Concept" property="rdfs:label skos:prefLabel" datatype="">أسواق الأسهم</a></div></div></div><div class="field field-name-field-author field-type-text field-label-above"><div class="field-label">Author:&nbsp;</div><div class="field-items"><div class="field-item even">* أحمد الرشيد من الرياض</div></div></div><div class="field field-name-field-publication-date field-type-datestamp field-label-above"><div class="field-label">publication date:&nbsp;</div><div class="field-items"><div class="field-item even"><span class="date-display-single" property="dc:date" datatype="xsd:dateTime" content="2017-01-03T00:00:00+03:00">الثلاثاء, يناير 3, 2017 (All day)</span></div></div></div>', CAST(N'2017-01-02T22:24:30.000' AS DateTime), N'1115026 at http://www.aleqt.com', 12, N'http://www.aleqt.com/node/1115026')
INSERT [dbo].[NewsTBL] ([Id], [title], [description], [pubDate], [enclosure], [FeedId], [URL]) VALUES (209, N'سوق الأسهم السعودية يغلق مرتفعاً عند 7247.34 نقطة', N'<div class="field field-name-body field-type-text-with-summary field-label-hidden"><div class="field-items"><div class="field-item even" property="content:encoded"><p>أغلق سوق الأسهم السعودية اليوم مرتفعاً 9.39 نقطة ليقفل عند مستوى 7247.34 نقطة, وبتداولات بلغت قيمتها أكثر من 5.8 مليار ريال. وبلغ عدد الأسهم المتداولة أكثر من 326 مليون سهم تقاسمتها أكثر من 147 ألف صفقة سجلت فيها أسهم 70 شركة ارتفاعاً في قيمتها, فيما أغلقت أسهم 91 شركة على تراجع. وكانت أسهم شركات المتطورة, وثمار, وأسواق المزرعة, ومدينة المعرفة, وعسير الأكثر ارتفاعاً, أما أسهم شركات ساسكو, وتهامة, ونماء للكيماويات, والمتحدة للتأمين, وميد غلف للتأمين, فكانت الأكثر انخفاضا في التعاملات, حيث تراوحت نسب الارتفاع والانخفاض ما بين 10% و 4.46 % . وكانت أسهم شركات دار الأركان, والإنماء, ومسك, وساسكو, والطيار هي الأكثر نشاطا بالكمية, فيما كانت أسهم شركات الإنماء, وسابك, ودار الأركان, والطيار, وساسكو هي الأكثر نشاطا في القيمة .</p>
</div></div></div><div class="field field-name-field-binary field-type-image field-label-above"><div class="field-label">Image:&nbsp;</div><div class="field-items"><div class="field-item even"><img typeof="foaf:Image" src="http://www.aleqt.com/sites/default/files/default_images/watermark-aleqt.gif" width="786" height="506" alt="" /></div></div></div><div class="field field-name-field-category field-type-taxonomy-term-reference field-label-above"><div class="field-label">category:&nbsp;</div><div class="field-items"><div class="field-item even"><a href="/sections/%D8%A3%D8%B3%D9%88%D8%A7%D9%82-%D8%A7%D9%84%D8%A3%D8%B3%D9%87%D9%85" typeof="skos:Concept" property="rdfs:label skos:prefLabel" datatype="">أسواق الأسهم</a></div></div></div><div class="field field-name-field-author field-type-text field-label-above"><div class="field-label">Author:&nbsp;</div><div class="field-items"><div class="field-item even">الرياض:واس</div></div></div><div class="field field-name-field-publication-date field-type-datestamp field-label-above"><div class="field-label">publication date:&nbsp;</div><div class="field-items"><div class="field-item even"><span class="date-display-single" property="dc:date" datatype="xsd:dateTime" content="2017-01-02T00:00:00+03:00">الاثنين, يناير 2, 2017 (All day)</span></div></div></div>', CAST(N'2017-01-02T14:58:29.000' AS DateTime), N'1114946 at http://www.aleqt.com', 12, N'http://www.aleqt.com/node/1114946')
INSERT [dbo].[NewsTBL] ([Id], [title], [description], [pubDate], [enclosure], [FeedId], [URL]) VALUES (210, N'سوق الاسهم السعودية يسجل مكاسب بـ 62 نقطة', N'<div class="field field-name-body field-type-text-with-summary field-label-hidden"><div class="field-items"><div class="field-item even" property="content:encoded"><p>سجل مؤشر سوق الاسهم السعودية اليوم مكاسب للجلسة الثالثة على التوالي إذ أغلق مرتفعاً بـ 62,15 نقطة عند مستوى 6381,45 نقطة ,وبتداولات بلغت قيمتها أكثر من 3,4 مليارات ريال . وبلغ عدد الاسهم المتداولة لهذا اليوم أكثر من 185 مليون سهم تقاسمتها أكثر من 74 الف صفقة سجلت فيها أسهم 135 شركة ارتفاعاً في قيمتها اليوم , فيما أغلقت أسهم 25 شركة على تراجع . وكانت اسهم شركات متلايف ايه اي جي العربي , وبروج للتأمين , والدرع العربي , ومدينة المعرفة , وكهرباء السعودية هي الاكثر ارتفاعاً , اما اسهم شركات الوطنية , والاهلية , ودلة الصحية , والتأمين العربية , والمتقدمة فكانت الاكثر انخفاضا في تعاملات اليوم وقد تراوحت نسب الارتفاع والانخفاض ما بين 6.10% و 0.89% . وكانت اسهم شركات دار الأركان , والانماء , وكيان السعودية , وتبوك الزراعية ,وسابك هي الاكثر نشاطا بالكمية , فيما كانت اسهم شركات الإنماء ,وسابك , ودار الأكان , وكيان السعودية , والراجحي هي الاكثر نشاطا بالقيمة في تعاملات اليوم .</p>
</div></div></div><div class="field field-name-field-binary field-type-image field-label-above"><div class="field-label">Image:&nbsp;</div><div class="field-items"><div class="field-item even"><img typeof="foaf:Image" src="http://www.aleqt.com/sites/default/files/a/1076687_491583.jpg" width="598" height="336" alt="" /></div></div></div><div class="field field-name-field-category field-type-taxonomy-term-reference field-label-above"><div class="field-label">category:&nbsp;</div><div class="field-items"><div class="field-item even"><a href="/sections/%D8%A3%D8%B3%D9%88%D8%A7%D9%82-%D8%A7%D9%84%D8%A3%D8%B3%D9%87%D9%85" typeof="skos:Concept" property="rdfs:label skos:prefLabel" datatype="">أسواق الأسهم</a></div></div></div><div class="field field-name-field-author field-type-text field-label-above"><div class="field-label">Author:&nbsp;</div><div class="field-items"><div class="field-item even">واس</div></div></div><div class="field field-name-field-publication-date field-type-datestamp field-label-above"><div class="field-label">publication date:&nbsp;</div><div class="field-items"><div class="field-item even"><span class="date-display-single" property="dc:date" datatype="xsd:dateTime" content="2016-08-09T16:06:40+03:00">الثلاثاء, أغسطس 9, 2016 - 16:06</span></div></div></div>', CAST(N'2016-08-09T13:06:40.000' AS DateTime), N'1076687 at http://www.aleqt.com', 12, N'http://www.aleqt.com/node/1076687')
INSERT [dbo].[NewsTBL] ([Id], [title], [description], [pubDate], [enclosure], [FeedId], [URL]) VALUES (211, N'325 مليار ريال القروض الاستهلاكية في السعودية بنهاية الربع الثالث من 2019', N'ارتفعت القروض الاستهلاكية في السعودية بنهاية الربع الثالث من العام الجاري بنسبة 1.1% وصولاً إلى 324.6 مليار ريال وذلك مقارنة بـ321 مليار ريال المسجلة بنهاية الربع الثاني من ذات العام.
المزيد في سياق التقرير التالي', CAST(N'2019-12-02T02:23:28.000' AS DateTime), N'https://www.cnbcarabia.com/news/view/60435/325-مليار-ريال-القروض-الاستهلاكية-في-السعودية-بنهاية-الربع-الثالث-من-2019.html', 13, N'https://www.cnbcarabia.com/news/view/60435/325-مليار-ريال-القروض-الاستهلاكية-في-السعودية-بنهاية-الربع-الثالث-من-2019.html')
INSERT [dbo].[NewsTBL] ([Id], [title], [description], [pubDate], [enclosure], [FeedId], [URL]) VALUES (212, N'ولاية "نيو ساوث ويلز" الاسترالية تضع كاميرات على الطرق لاكتشاف الهواتف المحمولة', N'قالت سلطات النقل في ولاية نيو ساوث ويلز الاسترالية إن الولاية وضعت كاميرات لرصد الهواتف المحمولة على أمل خفض عدد قتلى الطرق بواقع الثلث خلال عامين.
وتقول هيئة النقل بالولاية إن أول كاميرات في العالم لاكتشاف الهواتف المحمولة ستعمل يوميا على مدار الأربع والعشرين ساعة وفي كل الأحوال المناخية لاكتشاف أي قائد سيارة يستخدم الهاتف المحمول.
وقال مايكل كوربوي مساعد مفوض شرطة ولاية نيو ساوث ويلز " إنه نظام لتغيير الثقافة".
ويبيح القانون في نيو ساوث ويلز الاتصال أو استقبال مكالمات صوتية أثناء قيادة السيارة ولكن شريطة استخدام السماعات، ويحظر القانون كل الاستخدامات الأخرى للهاتف المحمول أثناء القيادة مثل مكالمات الفيديو واستخدام مواقع وسائل التواصل الاجتماعي والتصوير.
وتشير الاحصاءات الرسمية إلى أن 329 شخصا لقوا حتفهم حتى الآن هذا العام في حوادث طرق بولاية نيو ساوث ويلز مقابل 354 شخصا خلال سنة 2018 كلها. وتريد الولاية خفض عدد قتلى حوادث الطرق 30 في المئة بحلول 2021.
وقالت هيئة النقل بالولاية إن كاميرات اكتشاف الهاتف المحمول تستخدم الذكاء الاصطناعي لمراجعة الصور ورصد الاستخدام غير القانوني للهاتف.
وخلال أول ثلاثة أشهر بعد تشغيل أنظمة الرصد سيتم توجيه رسائل تحذير لقائدي السيارات المخالفين . وبعد ذلك ستكون العقوبة غرامة معيارية تبلغ 344 دولارا استراليا(233 دولارا) وغرامة قدرها 457 دولارا استراليا (310 دولارات) في مناطق المدارس .', CAST(N'2019-12-02T02:23:28.000' AS DateTime), N'https://www.cnbcarabia.com/news/view/60434/ولاية-"نيو-ساوث-ويلز"-الاسترالية-تضع-كاميرات-على-الطرق-لاكتشاف-الهواتف-المحمولة.html', 13, N'https://www.cnbcarabia.com/news/view/60434/ولاية-"نيو-ساوث-ويلز"-الاسترالية-تضع-كاميرات-على-الطرق-لاكتشاف-الهواتف-المحمولة.html')
INSERT [dbo].[NewsTBL] ([Id], [title], [description], [pubDate], [enclosure], [FeedId], [URL]) VALUES (213, N'فائض الميزان التجاري القطري ينخفض 38% في أكتوبر 2019', N'إنخفض فائض الميزان التجاري السلعي لقطر في أكتوبر الماضي بنسبة 38% على أساس سنوي إلى 11.7 مليار ريال.
ووفقا لبيانات جهاز التخطيط و الإحصاء القطري فقد  ساهم تراجع قيمة الصادرات بنسبة 30% على اساس سنوي إلى نحو 20 مليار ريال في الضغط على فائض الميزان التجاري على الرغم من انخفاض فاتورة الواردات بنسبة  14.7% على أساس سنوي الى 8.4 مليار ريال.', CAST(N'2019-12-02T02:23:28.000' AS DateTime), N'https://www.cnbcarabia.com/news/view/60433/فائض-الميزان-التجاري-القطري-ينخفض-38-في-أكتوبر-2019.html', 13, N'https://www.cnbcarabia.com/news/view/60433/فائض-الميزان-التجاري-القطري-ينخفض-38-في-أكتوبر-2019.html')
INSERT [dbo].[NewsTBL] ([Id], [title], [description], [pubDate], [enclosure], [FeedId], [URL]) VALUES (214, N'وزير النفط العراقي: أوبك+ ستدرس زيادة تخفيضات الإنتاج الحالية إلى 1.6 مليون برميل يومياً', N'قال وزير النفط العراقي ثامر الغضبان  إن منظمة أوبك وحلفاءها سيدرسون زيادة تخفيضات الإنتاج الحالية بنحو 400 ألف برميل يوميا لتصل إلى 1.6 مليون برميل يوميا.
وصرح الغضبان للصحفيين في بغداد بأن المنظمة وحلفاءها فيما يعرف بأوبك+ سيدرسون زيادة التخفيضات في اجتماعات من المقرر أن تعقد في فيينا الأسبوع الجاري.
وأضاف الغضبان أن الاضطرابات في البلد لم تؤثر على إنتاج الخام وعمليات التصدير ويوجد فائض من النفط، كما أشار أن الاتفاق بين بغداد وإقليم كردستان يتضمن إبقاء سقف الإنتاج من الإقليم عند 450 ألف برميل يومياً.', CAST(N'2019-12-02T02:23:28.000' AS DateTime), N'https://www.cnbcarabia.com/news/view/60432/وزير-النفط-العراقي-أوبك+-ستدرس-زيادة-تخفيضات-الإنتاج-الحالية-إلى-1.6-مليون-برميل-يومياً.html', 13, N'https://www.cnbcarabia.com/news/view/60432/وزير-النفط-العراقي-أوبك+-ستدرس-زيادة-تخفيضات-الإنتاج-الحالية-إلى-1.6-مليون-برميل-يومياً.html')
GO
INSERT [dbo].[NewsTBL] ([Id], [title], [description], [pubDate], [enclosure], [FeedId], [URL]) VALUES (215, N'ارتفاع مؤشر السوق السعودي بنحو 1.5% خلال نوفمبر ليسجل أفضل أداء في 5 أشهر', N'ارتفع السوق السعودي بنحو 1.5% خلال شهر نوفمبر ليسجل أفضل أداء في 5 أشهر.
وقال الكاتب والباحث الاقتصادي سعد آل ثقفان في مقابلة مع CNBC عربية، أن اكتتاب أرامكو في بداية شهر نوفمبر كان من أبرز الداعمين للارتفاعات حيث تخطى السوق السعودي مستوى 8000 نقطة.', CAST(N'2019-12-02T02:23:28.000' AS DateTime), N'https://www.cnbcarabia.com/news/view/60431/ارتفاع-مؤشر-السوق-السعودي-بنحو-1.5-خلال-نوفمبر-ليسجل-أفضل-أداء-في-5-أشهر.html', 13, N'https://www.cnbcarabia.com/news/view/60431/ارتفاع-مؤشر-السوق-السعودي-بنحو-1.5-خلال-نوفمبر-ليسجل-أفضل-أداء-في-5-أشهر.html')
INSERT [dbo].[NewsTBL] ([Id], [title], [description], [pubDate], [enclosure], [FeedId], [URL]) VALUES (216, N'التراجع الشهري لمؤشر EGX30 المصري يصل لنحو 5% خلال نوفمبر 2019', N'أنهت البورصة المصرية تعاملات شهر نوفمبر على تراجع قاربت نسبته 4.9% لمؤشرها الرئيسي EGX30، وكانت نسبة الانخفاض الشهرية لمؤشر الشركات الصغيرة والمتوسطة أقل حدة فبلغت 1.1% فيما انخفض مؤشر EGX100 بنسبة 2.4%.
ويرى محللون أن مبيعات الأجانب والعرب مثلت العنصر الأكثر تأثيراً على أداء بورصة مصر في نوفمبر وخاصة مع تجاهل السوق لعدد من الأخبار الإيجابية مثل خفض الفائدة المصرفية وغيرها.
المزيد في هذا التقرير', CAST(N'2019-12-02T02:23:28.000' AS DateTime), N'https://www.cnbcarabia.com/news/view/60430/التراجع-الشهري-لمؤشر-EGX30-المصري-يصل-لنحو-5-خلال-نوفمبر-2019.html', 13, N'https://www.cnbcarabia.com/news/view/60430/التراجع-الشهري-لمؤشر-EGX30-المصري-يصل-لنحو-5-خلال-نوفمبر-2019.html')
INSERT [dbo].[NewsTBL] ([Id], [title], [description], [pubDate], [enclosure], [FeedId], [URL]) VALUES (217, N'ارتفاع أرباح شركة دايس للملابس المصرية بنسبة 86% في الربع الثالث من 2019', N'ارتفعت أرباح شركة دايس للملابس المصرية بنسبة 86% خلال الربع الثالث من العام الحالي مقارنة بالفترة ذاتها من العام الماضي حيث بلغ صافي الربح 52 مليون جنيه.
كذلك ارتفعت أرباح الشركة خلال الأشهر التسعة الأولى من العام الحالي بنسبة12 %  مقارنة بالفترة المماثلة لها العام الماضي حيث بلغت أرباحها 125 مليون جنيه خلال الاشهر التسعة الأولى.', CAST(N'2019-12-02T02:23:28.000' AS DateTime), N'https://www.cnbcarabia.com/news/view/60429/ارتفاع-أرباح-شركة-دايس-للملابس-المصرية-بنسبة-86-في-الربع-الثالث-من-2019.html', 13, N'https://www.cnbcarabia.com/news/view/60429/ارتفاع-أرباح-شركة-دايس-للملابس-المصرية-بنسبة-86-في-الربع-الثالث-من-2019.html')
INSERT [dbo].[NewsTBL] ([Id], [title], [description], [pubDate], [enclosure], [FeedId], [URL]) VALUES (218, N'"الجمعة السوداء".. إشارة على استمرار قوة قطاع التجزئة الأميركي', N'سجلت الجمعة السوداء أرقاماً قياسية جديدة حيث وصل حجم المبيعات إلى 7.4 مليار $ لتحقق بذلك ثاني أكبر مبيعات عبر الانترنت خلال يوم واحد.
التفاصيل في هذا العرض مع مي بن خضراء.', CAST(N'2019-12-02T02:23:28.000' AS DateTime), N'https://www.cnbcarabia.com/news/view/60428/"الجمعة-السوداء"..-إشارة-على-استمرار-قوة-قطاع-التجزئة-الأميركي.html', 13, N'https://www.cnbcarabia.com/news/view/60428/"الجمعة-السوداء"..-إشارة-على-استمرار-قوة-قطاع-التجزئة-الأميركي.html')
INSERT [dbo].[NewsTBL] ([Id], [title], [description], [pubDate], [enclosure], [FeedId], [URL]) VALUES (219, N'انخفاض أرباح شركة أوراسكوم للاستثمار القابضة المصرية بنسبة 95% في الربع الثالث من 2019', N'انخفضت أرباح شركة أوراسكوم للاستثمار القابضة المصرية خلال الربع الثالث من العام الحالي بنسبة 95% على اساسس سنوي وصولا الى 61 مليون جنيه.
في حين تكبدت الشركة خسائر خلال الأشهر التسعة الاولى من العام الحالي قدرها 92 مليون جنيه وذلك مقارنة بارباح صافية حققتها بالفترة المماثلة من العام الذي سبقه بلغت 1مليار جنيه.', CAST(N'2019-12-02T02:23:28.000' AS DateTime), N'https://www.cnbcarabia.com/news/view/60427/انخفاض-أرباح-شركة-أوراسكوم-للاستثمار-القابضة-المصرية-بنسبة-95-في-الربع-الثالث-من-2019.html', 13, N'https://www.cnbcarabia.com/news/view/60427/انخفاض-أرباح-شركة-أوراسكوم-للاستثمار-القابضة-المصرية-بنسبة-95-في-الربع-الثالث-من-2019.html')
INSERT [dbo].[NewsTBL] ([Id], [title], [description], [pubDate], [enclosure], [FeedId], [URL]) VALUES (220, N'وزارة النفط العراقية: إجمالي صادرات النفط 3.5 مليون برميل يومياً بالمتوسط في نوفمبر', N'قالت وزارة النفط العراقية  إن إجمالي صادرات النفط بلغ 3.5 مليون برميل يوميا في المتوسط في نوفمبر تشرين الثاني.
وتابعت أن صادرات النفط من موانئ الجنوب بلغت 3.4 مليون برميل يوميا في المتوسط في نوفمبر تشرين الثاني في حين بلغ إجمالي صادرات الخام من كركوك عبر مرفأ جيهان التركي 79 ألف برميل يوميا.
وقالت الوزارة إن متوسط سعر الخام في الشهر ذاته بلغ 59.8 دولار للبرميل.', CAST(N'2019-12-02T02:23:28.000' AS DateTime), N'https://www.cnbcarabia.com/news/view/60426/وزارة-النفط-العراقية-إجمالي-صادرات-النفط-3.5-مليون-برميل-يومياً-بالمتوسط-في-نوفمبر.html', 13, N'https://www.cnbcarabia.com/news/view/60426/وزارة-النفط-العراقية-إجمالي-صادرات-النفط-3.5-مليون-برميل-يومياً-بالمتوسط-في-نوفمبر.html')
INSERT [dbo].[NewsTBL] ([Id], [title], [description], [pubDate], [enclosure], [FeedId], [URL]) VALUES (221, N'اكتتاب أرامكو يتواصل وإقبال كثيف من الأفراد', N'أغلق اكتتاب أرامكو أبوابه أمام المستثمرين الأفراد في وقت تتواصل به عملية اكتتاب المؤسسات والتي تستمر حتى الرابع من ديسمبر كانون الأول الجاري، وبلغ حجم اكتتاب الأفراد في أرامكو نحو 47 مليار ريال من خلال شراء 1.48 مليار سهم.
المزيد حول الامر في سياق العرض التالي مع محمد فتحي', CAST(N'2019-12-02T02:23:28.000' AS DateTime), N'https://www.cnbcarabia.com/news/view/60425/اكتتاب-أرامكو-يتواصل-وإقبال-كثيف-من-الأفراد.html', 13, N'https://www.cnbcarabia.com/news/view/60425/اكتتاب-أرامكو-يتواصل-وإقبال-كثيف-من-الأفراد.html')
INSERT [dbo].[NewsTBL] ([Id], [title], [description], [pubDate], [enclosure], [FeedId], [URL]) VALUES (222, N'شركة"اللجين"السعودية تتكبد خسائر بقيمة 108مليون ريال خلال الربع الثالث من عام 2019', N' تكبدت شركة اللجين خسائر بقيمة 108 مليون ريال سعودي وذلك خلال الربع الثالث من العام الجاري بنسبة تغير 52% عن الربع السابق من ذات العام.
بينما بلغ اجمالي الربح 2 مليون ريال خلال الربع الثالث، مقابل 1.4  مليون ريال خلال الربع المماثل من العام السابق بزيادة 13%. وعزت الشركة أسباب تلك الخسائر لتحقيق شركة ناتبت خسارة خلال الربع الثالث من العام الحالي نتيجة توقف الانتاج بمصنع ناتبت جراء الحريق الذي وقع خلال الربع الأخير من العام الماضي حيث تمتلك شركة اللجين نسبة 57% في اسهم شركة ناتبت وتمثل 97%  من مجموع استثمارات شركة اللجين.', CAST(N'2019-12-02T02:23:28.000' AS DateTime), N'https://www.cnbcarabia.com/news/view/60424/شركة"اللجين"السعودية-تتكبد-خسائر-بقيمة-108مليون-ريال-خلال-الربع-الثالث-من-عام-2019.html', 13, N'https://www.cnbcarabia.com/news/view/60424/شركة"اللجين"السعودية-تتكبد-خسائر-بقيمة-108مليون-ريال-خلال-الربع-الثالث-من-عام-2019.html')
INSERT [dbo].[NewsTBL] ([Id], [title], [description], [pubDate], [enclosure], [FeedId], [URL]) VALUES (223, N'7 مليارات دولار المكاسب السوقية للبورصات الخليجية في نوفمبر', N'كشف مسح خاص لـ CNBC عربية أن المكاسب السوقية للبورصات الخليجية سجلت في نوفمبر 2019 ما يقارب 7 مليارات دولار.
المزيد من التفاصيل في العرض مع الطيب عبد الماجد', CAST(N'2019-12-02T02:23:28.000' AS DateTime), N'https://www.cnbcarabia.com/news/view/60423/7-مليارات-دولار-المكاسب-السوقية-للبورصات-الخليجية-في-نوفمبر.html', 13, N'https://www.cnbcarabia.com/news/view/60423/7-مليارات-دولار-المكاسب-السوقية-للبورصات-الخليجية-في-نوفمبر.html')
INSERT [dbo].[NewsTBL] ([Id], [title], [description], [pubDate], [enclosure], [FeedId], [URL]) VALUES (224, N'الهند تعتزم استثمار نحو 1.4 تريليون دولار في البنية التحتية لتحفيز الاقتصاد', N'قالت وزيرة المالية الهندية نيرمالا سيتارامان إن بلادها ستكشف عن سلسلة مشروعات للبنية التحتية هذا الشهر في إطار خطة لاستثمار مئة تريليون روبية (1.39 تريليون دولار) في القطاع خلال السنوات الخمس المقبلة في مسعى لتعزيز الاقتصاد.
جاءت تصريحات سيتارامان السبت، والتي نقلتها صحف محلية، بعد بيانات صدرت يوم الجمعة وأظهرت أن النمو الاقتصادي في الهند تباطأ إلى 4.5 بالمئة في ربع السنة بين يوليو تموز وسبتمبر أيلول، وهي أبطأ وتيرة منذ 2013، مما يزيد الضغوط على حكومة رئيس الوزراء ناريندرا مودي لتسريع الإصلاحات.
ونقلت الصحف عن سيتارامان قولها في قمة أعمال في مومباي "تنظر مجموعة من المسؤولين في سلسلة المشروعات التي يمكن إعدادها بحيث يمكن توجيه التمويل فور تجهيزه إلى المراحل الأولى لهذه المشروعات".
وأضافت "المهمة اكتملت تقريبا. قبل 15 ديسمبر، سيكون بمقدونا إعلان ضخ المال في المراحل الأولى لعشرة مشروعات على الأقل".
تولى مودي السلطة في 2014 على وعد بتحسين الاقتصاد وتعزيز الاستثمار الأجنبي، لكنه يواجه مصاعب في تحقيق الهدفين بسبب الحاجة للإصلاح الهيكلي. واتخذ مودي، الذي فاز بولاية ثانية في مايو أيار، إجراءات منذ 2014 لتحفيز النمو، بينها خفض ضريبة الشركات وتسريع خصخصة الشركات التي تديرها الدولة.
لكن عدة مؤشرات اقتصادية تظهر ضعف الاستهلاك المحلي، ويتوقع عدد كبير من خبراء الاقتصاد أن يستمر التباطؤ الحالي لعامين آخرين.', CAST(N'2019-12-02T02:23:28.000' AS DateTime), N'https://www.cnbcarabia.com/news/view/60421/الهند-تعتزم-استثمار-نحو-1.4-تريليون-دولار-في-البنية-التحتية-لتحفيز-الاقتصاد.html', 13, N'https://www.cnbcarabia.com/news/view/60421/الهند-تعتزم-استثمار-نحو-1.4-تريليون-دولار-في-البنية-التحتية-لتحفيز-الاقتصاد.html')
INSERT [dbo].[NewsTBL] ([Id], [title], [description], [pubDate], [enclosure], [FeedId], [URL]) VALUES (225, N'غلوبال تايمز: الصين تريد إلغاء التعريفات في المرحلة الأولى من اتفاق تجاري مع أميركا', N'قالت صحيفة غلوبال تايمز الصينية نقلا عن مصادر لم تحددها إن بكين تصر على ضرورة أن يكون إلغاء التعريفات الجمركية جزءا من المرحلة الأولى في اتفاق تجاري مع واشنطن وسط استمرار الغموض بشأن ما إذا كان بوسع الجانبين التوصل لاتفاق.
وقالت غلوبال تايمز التي تنشرها صحيفة الشعب اليومية الرسمية الناطقة بلسان الحزب الشيوعي الصيني الحاكم " تعهد الولايات بإلغاء التعريفات والمقرر في 15 ديسمبر لا يمكن أن يحل محل التراجع عن هذه التعريفات" في إشارة إلى رسوم إضافية ستفرض على الواردات من الصين في حالة عدم التوصل لاتفاق.
وقال الرئيس الأمريكي دونالد ترامب إن واشنطن في "المخاض الأخير" لاتفاق يهدف لإنهاء الحرب التجارية مع الصين المستمرة منذ 16 شهرا بعد أيام قليلة من إبداء الرئيس الصيني شي جين بينغ رغبته في إبرام اتفاق تجاري.
كما أجرى كبار المفاوضين التجاريين من البلدين محادثات مجددا واتفقوا على العمل لحل القضايا المتبقية.
وقال خبراء ومصادر مقربة من البيت الأبيض لرويترز الشهر الماضي إن توقيع الاتفاق الاولي قد لا يحدث حتى بداية العام الجديد مع ضغط الصين من أجل تراجع عن الرسوم الجمركية المفروضة على نطاق واسع.
وكان مقررا في الأساس توقيع الاتفاق في نهاية نوفمبر تشرين الثاني.', CAST(N'2019-12-02T02:23:28.000' AS DateTime), N'https://www.cnbcarabia.com/news/view/60420/غلوبال-تايمز-الصين-تريد-إلغاء-التعريفات-في-المرحلة-الأولى-من-اتفاق-تجاري-مع-أميركا.html', 13, N'https://www.cnbcarabia.com/news/view/60420/غلوبال-تايمز-الصين-تريد-إلغاء-التعريفات-في-المرحلة-الأولى-من-اتفاق-تجاري-مع-أميركا.html')
INSERT [dbo].[NewsTBL] ([Id], [title], [description], [pubDate], [enclosure], [FeedId], [URL]) VALUES (226, N'مسؤولو مكافحة الاحتكار بالاتحاد الأوروبي: نحقق في جمع Google للبيانات', N'قالت المفوضية الأوروبية لرويترز إن مسؤولي مكافحة الاحتكار بالاتحاد الأوروبي يحققون في جمع Google بيانات مشيرة إلى أن أكثر محرك بحث على الانترنت شعبية في العالم ما زال تحت نظرها على الرغم من الغرامات القياسية التي فرضت عليه في السنوات الأخيرة .
ويبحث مسؤولو شؤون المنافسة في كل من أوروبا والولايات المتحدة كيفية استخدام شركات التكنولوجيا المهيمنة البيانات والاستفادة منها.
وقالت اللجنة التنفيذية للاتحاد الأوروبي إنها تسعى للحصول على معلومات عن كيفية وسبب جمع محرك Google التابع لشركة Alphabet البيانات في تأكيد لرواية لرويترز.
وقالت اللجنة لرويترز إن "المفوضية أرسلت استفسارات في إطار تحقيق مبدئي في ممارسات Google فيما يتعلق بجمع جوجل للبيانات واستخدامها. التحقيق المبدئي مستمر".
هذا وكانت مفوضة شؤون المنافسة بالاتحاد الأوروبي مارغريت فيستاغر قد فرضت غرامات زادت في مجملها عن 8 مليارات يورو على شركة Google خلال العامين الماضيين وأمرتها بتغيير أساليبها. وقالت Google إنها تستخدم البيانات لتحسين خدماتها وإن بوسع المستخدمين إدارة وحذف ونقل بياناتهم في أي وقت.', CAST(N'2019-12-02T02:23:28.000' AS DateTime), N'https://www.cnbcarabia.com/news/view/60419/مسؤولو-مكافحة-الاحتكار-بالاتحاد-الأوروبي-نحقق-في-جمع-Google-للبيانات.html', 13, N'https://www.cnbcarabia.com/news/view/60419/مسؤولو-مكافحة-الاحتكار-بالاتحاد-الأوروبي-نحقق-في-جمع-Google-للبيانات.html')
INSERT [dbo].[NewsTBL] ([Id], [title], [description], [pubDate], [enclosure], [FeedId], [URL]) VALUES (227, N'مجلس مفوضي هيئة أسواق المال الكويتية يوافق على طلب "الكويتية البحرينية للصيرفة الدولية" بالانسحاب الاختياري من البورصة', N'وافق مجلس مفوضي هيئة أسواق المال على طلب الشركة الكويتية البحرينية للصيرفة الدولية بالانسحاب الاختياري من بورصة الكويت للأوراق المالية. حيث حددت الشركة تاريخ الانسحاب في 27 من شهر إبريل نيسان العام القادم.
علماً أنه سيتم إضافة الفترة التي تم خلالها ايقاف اسهم الشركة عن التداول إلى تاريخ الانسحاب.', CAST(N'2019-12-02T02:23:28.000' AS DateTime), N'https://www.cnbcarabia.com/news/view/60418/مجلس-مفوضي-هيئة-أسواق-المال-الكويتية-يوافق-على-طلب-"الكويتية-البحرينية-للصيرفة-الدولية"-بالانسحاب-الاختياري-من-البورصة.html', 13, N'https://www.cnbcarabia.com/news/view/60418/مجلس-مفوضي-هيئة-أسواق-المال-الكويتية-يوافق-على-طلب-"الكويتية-البحرينية-للصيرفة-الدولية"-بالانسحاب-الاختياري-من-البورصة.html')
INSERT [dbo].[NewsTBL] ([Id], [title], [description], [pubDate], [enclosure], [FeedId], [URL]) VALUES (228, N'استطلاع رأي: ارتفاع الفارق بين حزبي المحافظين البريطاني والعمال إلى 10 من 7 نقاط', N'أظهر استطلاع للرأي أجراه مركز Savanta ComRes لحساب صحيفة Sunday Telegraph أن الفارق بين حزبي المحافظين البريطاني الذي يتزعمه رئيس الوزراء بوريس جونسون والذي يتصدر سباق الانتخابات المقرر إجراؤها يوم 12 ديسمبر كانون الأول وحزب العمال المعارض ارتفع إلى عشر نقاط بعد أن كان سبع نقاط قبل أيام قليلة.
وأظهر الاستطلاع أن التأييد لحزب المحافظين ارتفع إلى 43% بزيادة نقطتين مئويتين على الاستطلاع السابق للمركز الذي نشر يوم الأربعاء الماضي.', CAST(N'2019-12-02T02:23:28.000' AS DateTime), N'https://www.cnbcarabia.com/news/view/60417/استطلاع-رأي-ارتفاع-الفارق-بين-حزبي-المحافظين-البريطاني-والعمال-إلى-10-من-7-نقاط.html', 13, N'https://www.cnbcarabia.com/news/view/60417/استطلاع-رأي-ارتفاع-الفارق-بين-حزبي-المحافظين-البريطاني-والعمال-إلى-10-من-7-نقاط.html')
INSERT [dbo].[NewsTBL] ([Id], [title], [description], [pubDate], [enclosure], [FeedId], [URL]) VALUES (229, N'السعودية تبدأ رئاستها لمجموعة العشرين', N'بدأت المملكة العربية السعودية اعتبارًا من اليوم الموافق لأول ديسمبر كانون الأول رئاستها لمجموعة العشرين، حيث ستستمر رئاستها إلى نهاية نوفمبر من العام 2020 وصولاً إلى انعقاد قمة القادة بالرياض يومي 21 و22 من شهر نوفمبر تشرين الثاني 2020. وتعليقًا على ذلك أكد ولي العهد السعودي التزام المملكة خلال رئاستها لمجموعة العشرين بمواصلة العمل الذي انطلق من أوساكا، واغتنام الفرص للتصدي لتحديات المستقبل.
 ', CAST(N'2019-12-02T02:23:28.000' AS DateTime), N'https://www.cnbcarabia.com/news/view/60416/السعودية-تبدأ-رئاستها-لمجموعة-العشرين.html', 13, N'https://www.cnbcarabia.com/news/view/60416/السعودية-تبدأ-رئاستها-لمجموعة-العشرين.html')
INSERT [dbo].[NewsTBL] ([Id], [title], [description], [pubDate], [enclosure], [FeedId], [URL]) VALUES (230, N'مكاسب برنت الشهرية عند 6% رغم الخسائر الاسبوعية الطفيفة', N'سجل خام برنت مكاسب شهرية وصلت لنحو 6% على الرغم من تراجعه على أساس أسبوعي عند تسوية الأسبوع الماضي بـ 1.5%، وتكبد الخام الأميركي خسائر تزيد على 4% مع تجدد التوترات التجارية وارتفاع انتاج الخام في الولايات المتحدة إلى مستوى قياسي.
هذا وتنهي أسعار النفط الشهر على مكاسب بدعم من توقعات بأن أوبك وحلفاءها سيوافقون الاسبوع القادم على تمديد اتفاق لخفض الانتاج إلى ما بعد مارس آذار. وأنهت عقود برنت جلسة التداول منخفضة 1.44 دولار، أو 2.25%، لتسجل عند التسوية 62.43 دولار للبرميل ولتنهي الاسبوع منخفضة 1.5%. ومع هذا فإن خام القياس العالمي سجل أكبر شهر من المكاسب منذ أبريل نيسان مع صعوده حوالي 6%. وتراجعت عقود خام القياس الأميركي غرب تكساس الوسيط 2.94 دولار، أو 4.4%، لتسجل عند التسوية 55.17 دولار للبرميل ولتنهي الاسبوع على انخفاض قدره 4.1% بعد ثلاثة أسابيع متتالية من المكاسب. وعلى أساس شهري قفز الخام الأميركي حوالي 2.3%، هي أكبر مكاسبه منذ يونيو حزيران. وكانت أحجام التداول ضعيفة في اليوم التالي لعطلة عيد الشكر في الولايات المتحدة.', CAST(N'2019-12-02T02:23:28.000' AS DateTime), N'https://www.cnbcarabia.com/news/view/60415/مكاسب-برنت-الشهرية-عند-6-رغم-الخسائر-الاسبوعية-الطفيفة.html', 13, N'https://www.cnbcarabia.com/news/view/60415/مكاسب-برنت-الشهرية-عند-6-رغم-الخسائر-الاسبوعية-الطفيفة.html')
INSERT [dbo].[NewsTBL] ([Id], [title], [description], [pubDate], [enclosure], [FeedId], [URL]) VALUES (231, N'المؤشرات الأميركية تنهي نوفمبر على مكاسب بأكثر من 3% والذهب يسجل أكبر هبوط شهري منذ يونيو 2018', N'المؤشرات الأميركية
أنهت المؤشرات الثلاثة الرئيسية للأسهم الأميركية جلسة تداول مختصرة الجمعة 29 نوفمبر على انخفاض، متضررة من تفاقم التوترات بين الولايات المتحدة والصين حول هونغ كونغ وهو ما أذكى قلق المستثمرين بشأن محادثات التجارة بين العملاقين الاقتصاديين.
وأغلق المؤشر Dow Jones الصناعي منخفضاً 112.59 نقطة، أو 0.4%، إلى 28051.41 نقطة بينما تراجع المؤشر S&P500 الأوسع نطاقاً 12.65 نقطة، أو 0.4%، ليغلق عند 3140.98 نقطة، وأغلق المؤشر Nasdaq المجمع منخفضاً 39.70 نقطة، أو 0.46% إلى 8665.47 نقطة.
وتنهي المؤشرات الثلاثة الأسبوع على مكاسب مع صعود S&P500 بـ 1% وDow Jones بـ 0.65% وNasdaq بـ 1.71%. كما تنهي الشهر على مكاسب مع صعود S&P500 بـ 3.4% وDow Jones بـ 3.7% وNasdaq بـ 4.5%.
الأسهم الأوروبية
شهدت سوق الأسهم الأوروبية أسوأ يوم لها في شهر بعد أن فشلت بيانات اقتصادية متفائلة الجمعة 29 نوفمبر في تهدئة مخاوف المستثمرين من انتكاسة في محادثات التجارة بين الصين والولايات المتحدة بعد توبيخ حاد من بكين رداً على قانون أميركي يدعم المحتجين في هونغ كونغ. وأغلق المؤشر Stoxx600 الأوروبي منخفضاً 0.4%، لكنه سجل أكبر مكاسبه الأسبوعية في 3 أسابيع بدعم من أنباء ايجابية بشأن التجارة في الجلسات السابقة، وأنهى المؤشر الأوروبي شهر نوفمبر على ارتفاع بـ 2.68%. وتراجعت القطاعات الحساسة للتجارة مع هبوط أسهم شركات التعدين وشركات صناعة السيارات بأكثر من 1% لكل منهما. وفي بورصة فرانكفورت أغلق المؤشر داكس الألماني المثقل بشركات التصدير منخفضا 0.1% حتى مع تسجيل البطالة في أكبر اقتصاد في أوروبا تراجعاً غير متوقع في نوفمبر تشرين الثاني.
وتجاهل المستثمرون أيضا بيانات تظهر أن التضخم في منطقة اليورو نما بوتيرة أسرع من المتوقع في نوفمبر تشرين الثاني، مع تحذير محللين من أن الأرقام من غير المرجح أن تشير إلى أن تباطؤا اقتصادياً أوسع في المنطقة وصل إلى منتهاه.
وفي وقت سابق من الأسبوع الماضي صعدت الأسهم الأوروبية باتجاه مستوى قياسي مرتفع بدعم من علامات على تقدم في مفاوضات التجارة بين الولايات المتحدة والصين، لكن المعنويات انقبضت يوم الخميس عندما قوبل قانون أمريكي يدعم المحتجين المطالبين بالديمقراطية في هونج كونج بتحذير من بكين بأنها ستتخذ "إجراءات مضادة حازمة".
النفط
هبطت أسعار النفط الجمعة 29 نوفمبر وسجل الخام الأميركي خسائر تزيد على 4% مع تجدد التوترات التجارية وارتفاع انتاج الخام في الولايات المتحدة إلى مستوى قياسي، لكنها تنهي الشهر على مكاسب بدعم من توقعات بأن أوبك وحلفاءها سيوافقون الاسبوع القادم على تمديد اتفاق لخفض الانتاج إلى ما بعد مارس آذار.
وأنهت عقود برنت جلسة التداول منخفضة 1.44 دولار، أو 2.25%، لتسجل عند التسوية 62.43 دولار للبرميل ولتنهي الاسبوع منخفضة 1.5%. ومع هذا فإن خام القياس العالمي سجل أكبر شهر من المكاسب منذ أبريل نيسان مع صعوده حوالي 6%. وتراجعت عقود خام القياس الأميركي غرب تكساس الوسيط 2.94 دولار، أو 4.4%، لتسجل عند التسوية 55.17 دولار للبرميل ولتنهي الاسبوع على انخفاض قدره 4.1% بعد ثلاثة أسابيع متتالية من المكاسب. وعلى أساس شهري ارتفع الخام الأميركي حوالي 2.3%، هي أكبر مكاسبه منذ يونيو حزيران. هذا وكانت أحجام التداول ضعيفة في اليوم التالي لعطلة عيد الشكر في الولايات المتحدة.
المعادن النفيسة
ارتفعت أسعار الذهب الجمعة 29 نوفمبر بينما تترقب الأسواق المزيد من التطورات في محادثات التجارة بين الولايات المتحدة والصين بعد أن قالت بكين إنها ستتخذ إجراءات ضد واشنطن ردا على إصدار قانون أمريكي يدعم المحتجين في هونج كونج. لكن المعدن النفيس سجل أكبر شهر من الهبوط منذ يونيو حزيران 2018 .
وارتفع الذهب في المعاملات الفورية 0.4% إلى 1463.81 دولار للأونصة في أواخر جلسة التداول. وينهي المعدن الأصفر الشهر على خسائر بحوالي 3.3%. وصعدت العقود الأمريكية للذهب 0.6% لتبلغ عند التسوية 1470.20 دولار للأونصة.
وحذرت الصين من أنها ستتخذ "إجراءات مضادة حازمة" رداً على تشريع أمريكي يساند المحتجين المطالبين بالديمقراطية في هونج كونج. ويتجه الذهب لتسجيل أفضل عام له منذ 2010 مع صعوده 13.5% حتى الآن في 2019 . وتلقى المعدن النفيس دعماً من الشكوك التي تحيط بالحرب التجارية التي طال أمدها بين أكبر اقتصادين في العالم والمخاوف من ركود عالمي.
ومن بين المعادن النفيسة الأخرى، صعدت الفضة 0.65% الى 16.98 دولار للأونصة بينما تراجع البلاتين 0.55% الى 896.52 دولار للأونصة لكنه يسجل ثالث أسبوع على التوالي من المكاسب. واستقر البلاديوم حول 1841 دولاراً للأونصة بعد أن قفز في وقت سابق من الجلسة إلى مستوى قياسي مرتفع جديد عند 1844.50 دولار. وسجل أيضاً رابع أسبوع على التوالي من المكاسب.
العملات
حوم اليورو قرب أدنى مستوياته للشهر الحالي الجمعة 29 نوفمبر مع تماسك الدولار على أمل أن تنزع الولايات المتحدة والصين فتيل حرب رسومهما الجمركية المدمرة باتفاق تجارة أولي. واستفادت العملة الأميركية أيضاً من بيانات تظهر أن أكبر اقتصاد في العالم يقف على قدم راسخة، مما شجع بعض المستثمرين على تقليص رهانات خفض الفائدة.وتسارع النمو الأميركي قليلاً في الربع الثالث من العام، على النقيض من مؤشرات أخرى تنبئ بتباطؤ في النشاط العالمي. وأعلن الفدرالي الأميركي توقعات تبعث على التفاؤل وسط علامات قوة في سوق العمل وانتعاش محتمل في استثمارات الشركات.
واستقر اليورو في أحدث تداولاته عند 1.1019 دولار، بعد أن ارتفع من أدنى مستوياته في أسبوعين دون 1.10 دولار الذي سجله هذا الأسبوع، لينهي الشهر على تراجع بـ 1.3%
ولم يطرأ تغير على الدولار مقابل الين الياباني الذي يعد ملاذا آمنا إذ سجل 109.51 ين، لكنه يظل قريباً من اختراق أعلى مستوى في ستة أشهر، لينهي نوفمبر على ارتفاع بـ 1.23%.', CAST(N'2019-12-02T02:23:28.000' AS DateTime), N'https://www.cnbcarabia.com/news/view/60414/المؤشرات-الأميركية-تنهي-نوفمبر-على-مكاسب-بأكثر-من-3-والذهب-يسجل-أكبر-هبوط-شهري-منذ-يونيو-2018.html', 13, N'https://www.cnbcarabia.com/news/view/60414/المؤشرات-الأميركية-تنهي-نوفمبر-على-مكاسب-بأكثر-من-3-والذهب-يسجل-أكبر-هبوط-شهري-منذ-يونيو-2018.html')
INSERT [dbo].[NewsTBL] ([Id], [title], [description], [pubDate], [enclosure], [FeedId], [URL]) VALUES (232, N'أسعار النيكل تسجل أكبر هبوط شهري منذ سبتمبر 2011', N'هبطت أسعار النيكل إلى أدنى مستوى لها في أكثر من 4 أشهر الجمعة 29 نوفمبر وسجلت أكبر شهر من الخسائر في 8 سنوات بفعل تعثر انتاج الصلب في الصين، أكبر المنتجين، وانحسار تأثير حظر في اندونيسيا على صادرات المعدن الخام. وأغلقت عقود النيكل القياسية في بورصة لندن للمعادن منخفضة 2.4% عند 13670 دولارا للطن بعد أن لامست أدنى مستوى منذ السادس عشر من يوليو تموز. وتنهي الشهر على خسائر بحوالي 18% هي أكبر هبوط شهري منذ سبتمبر أيلول 2011 . وكانت أسعار المعدن، الذي يستخدم في الصلب غير القابل للصدأ، قفزت إلى أعلى مستوى لها في خمسة أعوام في سبتمبر أيلول بعد أن قدمت إندونيسيا، أكبر منتج للنيكل، موعد حظر على صادرات المعدن.
ومن بين المعادن الصناعية الأخرى، تراجعت عقود النحاس 0.5% لتغلق عند 5864 دولاراً للطن بينما صعدت عقود الألومنيوم 1% الى 1770 دولارا للطن.', CAST(N'2019-12-02T02:23:28.000' AS DateTime), N'https://www.cnbcarabia.com/news/view/60413/أسعار-النيكل-تسجل-أكبر-هبوط-شهري-منذ-سبتمبر-2011.html', 13, N'https://www.cnbcarabia.com/news/view/60413/أسعار-النيكل-تسجل-أكبر-هبوط-شهري-منذ-سبتمبر-2011.html')
INSERT [dbo].[NewsTBL] ([Id], [title], [description], [pubDate], [enclosure], [FeedId], [URL]) VALUES (233, N'الأرجنتين تبقي سعر الفائدة القياسي مستقراً عند 63%', N'قال البنك المركزي في الأرجنتين إنه سيبقي على سعر الفائدة القياسي مستقراً عند 63% في ديسمبر كانون الأول للمساعدة في حماية العملة المحلية البيزو المنهكة.
وأرجع البنك، في تقرير شهري، قراره إلى "أهمية دعم عودة ايجابية حقيقية للمدخرين".
وكانت الأرجنتين قد خفضت سعر الفائدة القياسي بمقدار 5 نقاط مئوية إلى 63% في نهاية أكتوبر تشرين الأول.', CAST(N'2019-12-02T02:23:28.000' AS DateTime), N'https://www.cnbcarabia.com/news/view/60412/الأرجنتين-تبقي-سعر-الفائدة-القياسي-مستقراً-عند-63.html', 13, N'https://www.cnbcarabia.com/news/view/60412/الأرجنتين-تبقي-سعر-الفائدة-القياسي-مستقراً-عند-63.html')
INSERT [dbo].[NewsTBL] ([Id], [title], [description], [pubDate], [enclosure], [FeedId], [URL]) VALUES (234, N'Apple "تتخذ نظرة أعمق" في سياساتها بشأن الخرائط بعد وصف القرم على أنها جزء من روسيا', N'قالت متحدثة باسم شركة Apple لرويترز إن الشركة "بدأت تأخذ نظرة أعمق في الطريقة التي نتناول بها الحدود المتنازع عليها" بعد أن أشارت إلى شبه جزيرة القرم التي ضمتها روسيا على أنها جزء من روسيا في تطبيقها للخرائط والطقس للمستخدمين الروس. وقالت ترودي مولر المتحدثة باسم Apple لرويترز إن الشركة لم تجر أي تعديلات على خرائطها خارج روسيا وأجرت التغيير للمستخدمين الروس بسبب قانون جديد بدأ سريانه في هذا البلد.
وأضافت مولر للصحفيين "نراجع القانون الدولي بالإضافة إلى القوانين الأميركية والمحلية الأخرى ذات الصلة قبل اتخاذ قرار بشِأن وضع علامات على خرائطنا ونجري تعديلات إذا تطلب القانون ذلك. بدأنا نأخذ نظر أعمق في الطريقة التي نتناول بها الحدود المتنازع عليها في خدماتنا وربما نجري تعديلات في المستقبل نتيجة لذلك". وتنظر روسيا وأوكرانيا بحساسية شديدة إلى الطريقة التي تقوم بها الشركات العالمية بتعريف القرم منذ أن سيطرت القوات الروسية على تلك المنطقة وقامت موسكو بضمها في مارس آذار 2014 بعد استفتاء تقول كييف وحلفاؤها الغربيون إنه غير قانوني.
ولم ترد السفارتان الروسية والأوكرانية في الولايات المتحدة على طلبات للتعليق. وغيرت Apple على ما يبدو الطريقة التي تعرض بها المواقع في القرم في برنامجها في اذعان للساسة الروس الذين طالبوا بأن تتم الإشارة إلى شبه الجزيرة على أنها جزء من روسيا.', CAST(N'2019-12-02T02:23:28.000' AS DateTime), N'https://www.cnbcarabia.com/news/view/60411/Apple-"تتخذ-نظرة-أعمق"-في-سياساتها-بشأن-الخرائط-بعد-وصف-القرم-على-أنها-جزء-من-روسيا.html', 13, N'https://www.cnbcarabia.com/news/view/60411/Apple-"تتخذ-نظرة-أعمق"-في-سياساتها-بشأن-الخرائط-بعد-وصف-القرم-على-أنها-جزء-من-روسيا.html')
INSERT [dbo].[NewsTBL] ([Id], [title], [description], [pubDate], [enclosure], [FeedId], [URL]) VALUES (235, N'تباطؤ النمو الاقتصادي للهند إلى أضعف وتيرة في أكثر من 6 سنوات', N'أظهرت بيانات حكومية أن النمو الاقتصادي في الهند تباطأ إلى 4.5% في الربع الثالث من العام مقارنة مع الفترة نفسها من العام الماضي والتي بلغت 7%، وهى أضعف وتيرة في أكثر من 6 سنوات، مع تراجع طلب المستهلكين واستثمارات القطاع الخاص وتضرر الصادرات من تباطؤ عالمي. وكان خبراء اقتصاديون استطلعت رويترز آراءهم قد توقعوا أن يتباطأ النمو إلى 4.7% على أساس سنوي للفترة من يوليو تموز إلى سبتمبر أيلول، ومقارنة مع نمو بلغ 5.0% في الربع الثاني. واتخذت حكومة رئيس الوزراء ناريندرا مودي خطوات لدعم الاستثمار وتعزيز النمو الاقتصادي بما في ذلك خفض ضرائب الشركات في سبتمبر أيلول بينما خفض البنك المركزي أسعار الفائدة خمس مرات هذا العام. لكن بعض المسوح تظهر أن ثقة الشركات عند أدنى مستوياتها في عدة سنوات.', CAST(N'2019-12-02T02:23:28.000' AS DateTime), N'https://www.cnbcarabia.com/news/view/60410/تباطؤ-النمو-الاقتصادي-للهند-إلى-أضعف-وتيرة-في-أكثر-من-6-سنوات.html', 13, N'https://www.cnbcarabia.com/news/view/60410/تباطؤ-النمو-الاقتصادي-للهند-إلى-أضعف-وتيرة-في-أكثر-من-6-سنوات.html')
INSERT [dbo].[NewsTBL] ([Id], [title], [description], [pubDate], [enclosure], [FeedId], [URL]) VALUES (236, N'نقيب أصحاب محطات المحروقات في لبنان يعلن تعليق إضراب محطات البنزين', N'نقلت الوكالة الوطنية للإعلام في لبنان عن نقيب أصحاب محطات المحروقات، سامي البراكس، إعلانه تعليق إضراب محطات البنزين.
ونقلت صحيفة النهار اليومية اللبنانية عن البراكس قوله إن النقابة علقت إضرابها لإجراء محادثات مع السلطات، وإن النقابة ستعقد اجتماعاً يوم الاثنين.
وكانت النقابة قد دعت إلى بدء إضراب مفتوح على مستوى البلاد يوم الخميس 28 نوفمبر بسبب الخسائر التي منيت بها نتيجة اضطرارها لشراء الدولار من سوق موازية تعد المصدر الرئيسي للعملة الصعبة خلال الأزمة الاقتصادية التي يشهدها لبنان.', CAST(N'2019-12-02T02:23:28.000' AS DateTime), N'https://www.cnbcarabia.com/news/view/60409/نقيب-أصحاب-محطات-المحروقات-في-لبنان-يعلن-تعليق-إضراب-محطات-البنزين.html', 13, N'https://www.cnbcarabia.com/news/view/60409/نقيب-أصحاب-محطات-المحروقات-في-لبنان-يعلن-تعليق-إضراب-محطات-البنزين.html')
INSERT [dbo].[NewsTBL] ([Id], [title], [description], [pubDate], [enclosure], [FeedId], [URL]) VALUES (237, N'رئيس جمعية المصارف اللبنانية: مصرف لبنان المركزي سيتخذ إجراءات ضرورية وسط الأزمة', N'قال رئيس جمعية المصارف اللبنانية إن مصرف لبنان المركزي سيتخذ "التدابير المؤقتة اللازمة" للحفاظ على القطاع المصرفي وحقوق المودعين.
وقرأ سليم صفير رئيس مجلس إدارة جمعية المصارف في لبنان، التي تمثل البنوك في البلاد، بياناً بعد اجتماع على مستوى عال في القصر الرئاسي بينما يواجه لبنان أسوأ أزمة اقتصادية في عقود.
وأضاف قائلاً بعد الاجتماع مع الرئيس ميشال عون ورياض سلامة حاكم مصرف لبنان ومسؤولين بالحكومة "تم تكليف حاكم مصرف لبنان اتخاذ التدابير المؤقتة اللازمة بالتنسيق مع جمعية المصارف لإصدار التعاميم التي اقترحها الحاكم ورفع بعض الاقتراحات التي تحتاج الى نصوص قانونية وتنظيمية وذلك في سبيل المحافظة على الاستقرار والثقة بالقطاع المصرفي والنقدي وسلامة القطاع وحقوق المودعين دون أي انتقاص".
ورداً على سؤال من الصحفيين، كرر صفير تعليقات سابقة من مسؤولين بأنه لن تكون هناك قيود رسمية على رؤوس الأموال. وأشار صفير أيضاً إلى أن لبنان أوفى بتعهداته وسدد سندات دولية بقيمة 1.5 مليار دولار عندما حان موعد استحقاقها الخميس 28 نوفمبر. ومنذ أن بدأت الاحتجاجات في لبنان في السابع عشر من أكتوبر تشرين الأول، تزايدت الضغوط على النظام المالي. وتعمق شح في العملة الأجنبية مما جعل الكثير من المستوردين غير قادرين على جلب البضائع وهو ما أدى إلى ارتفاع الأسعار وتزايد المخاوف من انهيار مالي.
وفي مقابلة مع رويترز هذا الشهر، وصف صفير الضوابط الجديدة التي وضعتها البنوك بأنها " سور لحماية النظام" إلى أن تعود الأمور الى طبيعتها. ', CAST(N'2019-12-02T02:23:28.000' AS DateTime), N'https://www.cnbcarabia.com/news/view/60408/رئيس-جمعية-المصارف-اللبنانية-مصرف-لبنان-المركزي-سيتخذ-إجراءات-ضرورية-وسط-الأزمة.html', 13, N'https://www.cnbcarabia.com/news/view/60408/رئيس-جمعية-المصارف-اللبنانية-مصرف-لبنان-المركزي-سيتخذ-إجراءات-ضرورية-وسط-الأزمة.html')
INSERT [dbo].[NewsTBL] ([Id], [title], [description], [pubDate], [enclosure], [FeedId], [URL]) VALUES (238, N'وول ستريت تغلق منخفضة مع تفاقم التوترات بين الولايات المتحدة والصين', N'أنهت المؤشرات الثلاثة الرئيسية للأسهم الأميركية جلسة تداول مختصرة على انخفاض، متضررة من تفاقم التوترات بين الولايات المتحدة والصين حول هونغ كونغ وهو ما أذكى قلق المستثمرين بشأن محادثات التجارة بين العملاقين الاقتصاديين.وأغلق المؤشر داو جونز الصناعي منخفضا 112.59 نقطة، أو 0.4%، إلى 28051.41 نقطة.بينما تراجع المؤشر ستاندرد اند بورز500 الأوسع نطاقا 12.65 نقطة، أو 0.4%، ليغلق عند 3140.98 نقطة. وأغلق المؤشر ناسداك المجمع منخفضا 39.70 نقطة، أو 0.46% إلى 8665.47 نقطة.وتنهي المؤشرات الثلاثة الأسبوع على مكاسب مع صعود ستاندرد اند بورز 1% وداو جونز 0.65% وناسداك 1.71%.كما تنهي الشهر على مكاسب مع صعود ستاندرد اند بورز 3.4% وداو جونز 3.7% وناسداك 4.5%.', CAST(N'2019-12-02T02:23:28.000' AS DateTime), N'https://www.cnbcarabia.com/news/view/60407/وول-ستريت-تغلق-منخفضة-مع-تفاقم-التوترات-بين-الولايات-المتحدة-والصين.html', 13, N'https://www.cnbcarabia.com/news/view/60407/وول-ستريت-تغلق-منخفضة-مع-تفاقم-التوترات-بين-الولايات-المتحدة-والصين.html')
INSERT [dbo].[NewsTBL] ([Id], [title], [description], [pubDate], [enclosure], [FeedId], [URL]) VALUES (239, N'الأسهم الأوروبية تغلق منخفضة مع استمرار مخاوف التجارة، لكنها تنهي الأسبوع على مكاسب', N'شهدت سوق الأسهم الأوروبية أسوأ يوم لها في شهر بعد أن فشلت بيانات اقتصادية متفائلة في تهدئة مخاوف المستثمرين من انتكاسة في محادثات التجارة بين الصين والولايات المتحدة بعد توبيخ حاد من بكين ردا على قانون أميركي يدعم المحتجين في هونغ كونغ.وأغلق المؤشر ستوكس 600 الأوروبي منخفضا 0.4%، لكنه سجل أكبر مكاسبه الأسبوعية في ثلاثة أسابيع بدعم من أنباء ايجابية بشأن التجارة في الجلسات السابقة.وتراجعت القطاعات الحساسة للتجارة مع هبوط أسهم شركات التعدين وشركات صناعة السيارات بأكثر من 1% لكل منهما. وفي بورصة فرانكفورت أغلق المؤشر داكس الألماني المثقل بشركات التصدير منخفضا 0.1 بالمئة حتى مع تسجيل البطالة في أكبر اقتصاد في أوروبا تراجعا غير متوقع في نوفمبر/تشرين الثاني.وتجاهل المستثمرون أيضا بيانات تظهر أن التضخم في منطقة اليورو نما بوتيرة أسرع من المتوقع في نوفمبر/تشرين الثاني، مع تحذير محللين من أن الأرقام من غير المرجح أن تشير إلى أن تباطؤا اقتصاديا أوسع في المنطقة وصل إلى منتهاه.وفي وقت سابق هذا الأسبوع صعدت الأسهم الأوروبية باتجاه مستوى قياسي مرتفع بدعم من علامات على تقدم في مفاوضات التجارة بين الولايات المتحدة والصين، لكن المعنويات انقبضت يوم الخميس عندما قوبل قانون أميركي يدعم المحتجين المطالبين بالديمقراطية في هونغ كونغ بتحذير من بكين بأنها ستتخذ "إجراءات مضادة حازمة".', CAST(N'2019-12-02T02:23:28.000' AS DateTime), N'https://www.cnbcarabia.com/news/view/60406/الأسهم-الأوروبية-تغلق-منخفضة-مع-استمرار-مخاوف-التجارة،-لكنها-تنهي-الأسبوع-على-مكاسب.html', 13, N'https://www.cnbcarabia.com/news/view/60406/الأسهم-الأوروبية-تغلق-منخفضة-مع-استمرار-مخاوف-التجارة،-لكنها-تنهي-الأسبوع-على-مكاسب.html')
INSERT [dbo].[NewsTBL] ([Id], [title], [description], [pubDate], [enclosure], [FeedId], [URL]) VALUES (240, N'الهند تجعل دمغ الحلي الذهبية إلزاميا من منتصف يناير', N'قال وزير بارز بالحكومة الهندية إن الهند ستجعل دمغ الحلي وأدوات الزينة الذهبية إلزاميا بدءا من منتصف يناير/كانون الثاني، وهى خطوة قد تعزز الطلب في ثاني أكبر سوق للذهب في العالم.وأبلغ رام فيلاس باسوان وزير شؤون المستهلكين الصحفيين أن الدمغ سيكون إلزاميا من الخامس عشر من يناير/كانون الثاني لكن ستكون هناك فترة سماح لعام واحد لإنشاء مراكز جديدة للدمغ والانتهاء من المخزون الحالي لدى بائعي الحلي.ودمغ المجوهرات والحلي الذهبية ليس إلزاميا حتى الآن في الهند حيث تكون جودة الحلي موضع خلاف خصوصا مع مواجهة صغار البائعين والمشترين مشاكل عند بيع الحلي القديمة أو تغييرها بحلي جديدة.ويقدر اجمالي حيازات الأسر في أرجاء الهند من الذهب بنحو 25 ألف طن، وغالبا ما تمرر الأسر أصولها الذهبية من جيل إلى آخر.', CAST(N'2019-12-02T02:23:28.000' AS DateTime), N'https://www.cnbcarabia.com/news/view/60405/الهند-تجعل-دمغ-الحلي-الذهبية-إلزاميا-من-منتصف-يناير.html', 13, N'https://www.cnbcarabia.com/news/view/60405/الهند-تجعل-دمغ-الحلي-الذهبية-إلزاميا-من-منتصف-يناير.html')
SET IDENTITY_INSERT [dbo].[NewsTBL] OFF
INSERT [dbo].[UserNewsSubscribeTBL] ([UserId], [ProviderId], [SubDate]) VALUES (1, 1, CAST(N'2019-12-01T04:52:20.297' AS DateTime))
INSERT [dbo].[UserNewsSubscribeTBL] ([UserId], [ProviderId], [SubDate]) VALUES (1, 2, CAST(N'2019-12-01T04:53:09.877' AS DateTime))
INSERT [dbo].[UserNewsSubscribeTBL] ([UserId], [ProviderId], [SubDate]) VALUES (1, 3, CAST(N'2019-12-01T04:54:04.737' AS DateTime))
INSERT [dbo].[UserNewsSubscribeTBL] ([UserId], [ProviderId], [SubDate]) VALUES (1, 4, CAST(N'2019-12-01T04:54:09.673' AS DateTime))
INSERT [dbo].[UserNewsSubscribeTBL] ([UserId], [ProviderId], [SubDate]) VALUES (1, 6, CAST(N'2019-12-01T04:54:16.737' AS DateTime))
INSERT [dbo].[UserNewsSubscribeTBL] ([UserId], [ProviderId], [SubDate]) VALUES (1, 7, CAST(N'2019-12-01T04:54:22.737' AS DateTime))
INSERT [dbo].[UserNewsSubscribeTBL] ([UserId], [ProviderId], [SubDate]) VALUES (1, 8, CAST(N'2019-12-01T04:54:27.830' AS DateTime))
INSERT [dbo].[UserNewsSubscribeTBL] ([UserId], [ProviderId], [SubDate]) VALUES (1, 10, CAST(N'2019-12-01T04:54:35.140' AS DateTime))
INSERT [dbo].[UserNewsSubscribeTBL] ([UserId], [ProviderId], [SubDate]) VALUES (2, 1, CAST(N'2019-12-01T04:55:52.690' AS DateTime))
INSERT [dbo].[UserNewsSubscribeTBL] ([UserId], [ProviderId], [SubDate]) VALUES (1, 12, CAST(N'2019-12-01T04:54:44.190' AS DateTime))
INSERT [dbo].[UserNewsSubscribeTBL] ([UserId], [ProviderId], [SubDate]) VALUES (1, 13, CAST(N'2019-12-01T04:54:54.110' AS DateTime))
INSERT [dbo].[UserNewsSubscribeTBL] ([UserId], [ProviderId], [SubDate]) VALUES (2, 6, CAST(N'2019-12-01T04:55:58.907' AS DateTime))
INSERT [dbo].[UserNewsSubscribeTBL] ([UserId], [ProviderId], [SubDate]) VALUES (2, 10, CAST(N'2019-12-01T04:56:05.267' AS DateTime))
INSERT [dbo].[UserNewsSubscribeTBL] ([UserId], [ProviderId], [SubDate]) VALUES (2, 13, CAST(N'2019-12-01T04:56:10.610' AS DateTime))
INSERT [dbo].[UserNewsSubscribeTBL] ([UserId], [ProviderId], [SubDate]) VALUES (2, 2, CAST(N'2019-12-01T04:56:17.407' AS DateTime))
INSERT [dbo].[UserNewsSubscribeTBL] ([UserId], [ProviderId], [SubDate]) VALUES (3, 3, CAST(N'2019-12-01T04:56:21.703' AS DateTime))
INSERT [dbo].[UserNewsSubscribeTBL] ([UserId], [ProviderId], [SubDate]) VALUES (3, 7, CAST(N'2019-12-01T04:56:30.627' AS DateTime))
INSERT [dbo].[UserNewsSubscribeTBL] ([UserId], [ProviderId], [SubDate]) VALUES (3, 12, CAST(N'2019-12-01T04:56:38.953' AS DateTime))
INSERT [dbo].[UserNewsSubscribeTBL] ([UserId], [ProviderId], [SubDate]) VALUES (3, 13, CAST(N'2019-12-01T04:56:45.703' AS DateTime))
SET IDENTITY_INSERT [dbo].[UserTBL] ON 

INSERT [dbo].[UserTBL] ([UserId], [UserName], [Email], [Password], [UserFName], [UserLName], [UserPhone], [UserMobile], [UserAddress], [IsActive]) VALUES (1, N'Admin', N'admin@gmail.com', N'123456', N'User', N'Admin', NULL, NULL, NULL, 1)
INSERT [dbo].[UserTBL] ([UserId], [UserName], [Email], [Password], [UserFName], [UserLName], [UserPhone], [UserMobile], [UserAddress], [IsActive]) VALUES (2, N'User1', N'user1@gmail.com', N'123456789', N'user', N'one', NULL, NULL, NULL, 1)
INSERT [dbo].[UserTBL] ([UserId], [UserName], [Email], [Password], [UserFName], [UserLName], [UserPhone], [UserMobile], [UserAddress], [IsActive]) VALUES (3, N'User2', N'user2@gmail.com', N'123456789', N'user', N'two', NULL, NULL, NULL, 1)
SET IDENTITY_INSERT [dbo].[UserTBL] OFF
ALTER TABLE [dbo].[UserNewsSubscribeTBL] ADD  CONSTRAINT [DF_UserNewsSubscribeTBL_SubDate]  DEFAULT (getdate()) FOR [SubDate]
GO
ALTER TABLE [dbo].[FeedListTBL]  WITH CHECK ADD  CONSTRAINT [FK_FeedListTBL_CatogeryTBL] FOREIGN KEY([category])
REFERENCES [dbo].[CatogeryTBL] ([CatogeryId])
GO
ALTER TABLE [dbo].[FeedListTBL] CHECK CONSTRAINT [FK_FeedListTBL_CatogeryTBL]
GO
ALTER TABLE [dbo].[FeedListTBL]  WITH CHECK ADD  CONSTRAINT [FK_FeedListTBL_FeedListTBL] FOREIGN KEY([​id])
REFERENCES [dbo].[FeedListTBL] ([​id])
GO
ALTER TABLE [dbo].[FeedListTBL] CHECK CONSTRAINT [FK_FeedListTBL_FeedListTBL]
GO
ALTER TABLE [dbo].[UserNewsSubscribeTBL]  WITH CHECK ADD  CONSTRAINT [FK_UserNewsSubscribeTBL_UserTBL] FOREIGN KEY([UserId])
REFERENCES [dbo].[UserTBL] ([UserId])
GO
ALTER TABLE [dbo].[UserNewsSubscribeTBL] CHECK CONSTRAINT [FK_UserNewsSubscribeTBL_UserTBL]
GO
/****** Object:  StoredProcedure [dbo].[SP_Catogery_Get]    Script Date: 12/2/2019 1:26:16 AM ******/
SET ANSI_NULLS ON
GO
SET QUOTED_IDENTIFIER ON
GO
-- =============================================
-- Author:		Eman Ahmed
-- Create date: 2019-11-29
-- Description:	To Get All Catogery Based On Lang
-- =============================================
CREATE PROCEDURE [dbo].[SP_Catogery_Get] 
@Lang int
AS
BEGIN
	-- SET NOCOUNT ON added to prevent extra result sets from
	-- interfering with SELECT statements.
	SET NOCOUNT ON;

    -- Insert statements for procedure here
	SELECT [CatogeryId] as id,
	IIF(CAST(@Lang AS NVARCHAR(2)) = 2, [CatogeryName_AR] , [CatogeryName]) [Name]
    FROM [dbo].[CatogeryTBL]
END
GO
/****** Object:  StoredProcedure [dbo].[SP_FeedList_Get]    Script Date: 12/2/2019 1:26:16 AM ******/
SET ANSI_NULLS ON
GO
SET QUOTED_IDENTIFIER ON
GO
-- =============================================
-- Author:		Eman Ahmed
-- Create date: 2019-11-29
-- Description:	To Get Links Of RSS OF Select Catogery 
-- =============================================
CREATE PROCEDURE [dbo].[SP_FeedList_Get]
	-- Add the parameters for the stored procedure here
	 @Lang INT,
	 @CatogeryId INT = NULL,
	 @NewspaperId INT = NULL
	
AS
BEGIN
	-- SET NOCOUNT ON added to prevent extra result sets from
	-- interfering with SELECT statements.
	SET NOCOUNT ON;

    -- Insert statements for procedure here
	SELECT [dbo].[FeedListTBL].[​id] as FeedListID,
	IIF(CAST(@Lang AS NVARCHAR(2)) = 2, [dbo].[FeedListTBL].[name_ar] , [dbo].[FeedListTBL].[name]) [Name]
	,[dbo].[FeedListTBL].[link],IIF(CAST(@Lang AS NVARCHAR(2)) = 2, [CatogeryName_AR] , [CatogeryName]) CatogeryName
	FROM [dbo].[FeedListTBL]
	INNER JOIN [dbo].[CatogeryTBL]
	ON  [dbo].[FeedListTBL].category = [dbo].[CatogeryTBL].CatogeryId 
	WHERE ISNULL([dbo].[CatogeryTBL].CatogeryId, 0) = COALESCE(( @CatogeryId ), ISNULL([dbo].[CatogeryTBL].CatogeryId, 0))
	  AND ISNULL([dbo].[FeedListTBL].[​id], 0) = COALESCE(( @NewspaperId ),ISNULL([dbo].[FeedListTBL].[​id], 0))
END
GO
/****** Object:  StoredProcedure [dbo].[SP_News_Add]    Script Date: 12/2/2019 1:26:16 AM ******/
SET ANSI_NULLS ON
GO
SET QUOTED_IDENTIFIER ON
GO
CREATE PROCEDURE  [dbo].[SP_News_Add]
	-- Add the parameters for the stored procedure here
	@title  NVARCHAR(max),
    @Description NVARCHAR(max),
	@URL NVARCHAR(max),
	@pubDate DATETIME,
	@enclosure NVARCHAR(max) = NULL,
	@FeedId INT,
	@Is_success BIGINT OUT
AS
BEGIN
	-- SET NOCOUNT ON added to prevent extra result sets from
	-- interfering with SELECT statements.
	SET NOCOUNT ON;

    -- Insert statements for procedure here
	BEGIN
        BEGIN TRY
		BEGIN
			INSERT INTO [dbo].[NewsTBL]
				   ([title]
				   ,[description]
				   ,[pubDate]
				   ,[enclosure]
				   ,[FeedId]
				   ,[URL])
			 VALUES
				   (@title,
				   @Description,
				   @pubDate,
				   @enclosure,
				   @FeedId,
				   @URL)

			SET @Is_success = @@IDENTITY; --  success 
			END
		END TRY
        BEGIN CATCH 
            SET @Is_success = -1 --Error Occured
        END CATCH
	END
END
GO
/****** Object:  StoredProcedure [dbo].[SP_News_Check]    Script Date: 12/2/2019 1:26:16 AM ******/
SET ANSI_NULLS ON
GO
SET QUOTED_IDENTIFIER ON
GO
CREATE PROCEDURE [dbo].[SP_News_Check]
	-- Add the parameters for the stored procedure here
	@FeedId INT,
	@Is_success BIGINT OUT
AS
BEGIN
	-- SET NOCOUNT ON added to prevent extra result sets from
	-- interfering with SELECT statements.
	SET NOCOUNT ON;

     DECLARE @FeedIDCount INT
	 SET @FeedIDCount = (SELECT COUNT(*) FROM [dbo].[NewsTBL] WHERE [FeedId] = @FeedId)
	 
	 IF(@FeedIDCount > 0)
	 BEGIN
		 DELETE FROM [dbo].[NewsTBL] WHERE [FeedId] = @FeedId
		 SET @Is_success = 1; --  success Delete 
	 END
	 ELSE
	  BEGIN
		 SET @Is_success = 0 ; --  No Exist 
	 END
END
GO
/****** Object:  StoredProcedure [dbo].[SP_News_GetMostRecent]    Script Date: 12/2/2019 1:26:16 AM ******/
SET ANSI_NULLS ON
GO
SET QUOTED_IDENTIFIER ON
GO
CREATE PROCEDURE [dbo].[SP_News_GetMostRecent]
	-- Add the parameters for the stored procedure here
	@UserId BIGINT,
	@Lang INT
AS
BEGIN
	-- SET NOCOUNT ON added to prevent extra result sets from
	-- interfering with SELECT statements.
	SET NOCOUNT ON;

    -- Insert statements for procedure here

	select top (1) [dbo].[NewsTBL] .*,
	IIF(CAST(@Lang AS NVARCHAR(2)) = 2, [dbo].[FeedListTBL].[name_ar] , [dbo].[FeedListTBL].[name]) NewsPaperName,
	IIF(CAST(@Lang AS NVARCHAR(2)) = 2, [dbo].[CatogeryTBL].[CatogeryName_AR] , [dbo].[CatogeryTBL].[CatogeryName]) CatogeryName
	FROM [dbo].[NewsTBL] 
	INNER JOIN [dbo].[FeedListTBL]
	ON [dbo].[NewsTBL].FeedId = [dbo].[FeedListTBL].[​id]
	INNER JOIN [dbo].[CatogeryTBL]
	ON [dbo].[FeedListTBL].[category] = [dbo].[CatogeryTBL].[CatogeryId]
	where [dbo].[FeedListTBL].[​id] IN (select [ProviderId] from [dbo].[UserNewsSubscribeTBL] where [UserId] = @UserId)
	order by [pubDate] desc

END
GO
/****** Object:  StoredProcedure [dbo].[SP_News_Search]    Script Date: 12/2/2019 1:26:16 AM ******/
SET ANSI_NULLS ON
GO
SET QUOTED_IDENTIFIER ON
GO
CREATE PROCEDURE [dbo].[SP_News_Search]
	-- Add the parameters for the stored procedure here
	@Lang INT,
	@UserID BIGINT= NULL,
	@CatogeryId INT = NULL,
	@FeedID INT = NULL,
	@PubDate DATETIME = NULL,
	@NewId BIGINT = NULL
	
AS
BEGIN
	-- SET NOCOUNT ON added to prevent extra result sets from
	-- interfering with SELECT statements.
	SET NOCOUNT ON;

    -- Insert statements for procedure here
	SELECT [NewsTBL].[Id] AS NewsId,[NewsTBL].[title],[NewsTBL].[description] ,[NewsTBL].[pubDate],[NewsTBL].[URL] ,
	[FeedListTBL].[​id] NewsPaperId ,IIF(CAST(@Lang AS NVARCHAR(2)) = 2, [FeedListTBL].[name_ar] , [FeedListTBL].[name]) NewsPaperName,
	[FeedListTBL].[category],(SELECT IIF(CAST(@Lang AS NVARCHAR(2)) = 2, [CatogeryTBL].[CatogeryName_AR] , [CatogeryTBL].[CatogeryName]) CatogeryName FROM [CatogeryTBL] WHERE [CatogeryId] = [FeedListTBL].[category]) AS CATNAME
	FROM [NewsTBL]
	INNER JOIN [FeedListTBL]
	ON [NewsTBL].[FeedId] = [FeedListTBL].[​id]
	WHERE 1 = 1
    AND ([FeedListTBL].[category] = @CatogeryId OR @CatogeryId IS NULL) 
	AND ([NewsTBL].[FeedId] = @FeedID OR @FeedID IS NULL) 
	AND ( CAST(ISNULL([NewsTBL].[pubDate], GETDATE()) AS DATE) = ( (CAST(ISNULL(@PubDate,ISNULL([NewsTBL].[pubDate],GETDATE())) AS DATE)) ) )
	AND ([NewsTBL].[Id] = @NewId OR @NewId IS NULL) 
	AND [dbo].[FeedListTBL].[​id] IN (select [ProviderId] from [dbo].[UserNewsSubscribeTBL] where [UserId] = @UserId)
	order by [FeedListTBL].[category],[FeedListTBL].[​id],[NewsTBL].[pubDate] desc



END
GO
/****** Object:  StoredProcedure [dbo].[SP_News_UserNewsSubscribeAndUnSubscribe]    Script Date: 12/2/2019 1:26:16 AM ******/
SET ANSI_NULLS ON
GO
SET QUOTED_IDENTIFIER ON
GO
CREATE PROCEDURE [dbo].[SP_News_UserNewsSubscribeAndUnSubscribe]
	-- Add the parameters for the stored procedure here
	@UserId BIGINT,
	@NewsPaperId BIGINT,
	@Type BIT , -- To Determine Subscribe(1) - unSubscribe(0)
	@Is_success BIGINT OUT
AS
BEGIN
	-- SET NOCOUNT ON added to prevent extra result sets from
	-- interfering with SELECT statements.
	SET NOCOUNT ON;

    -- Insert statements for procedure here
	BEGIN
        BEGIN TRY
		BEGIN
		    IF(@Type = 1)
			   BEGIN
					INSERT INTO [UserNewsSubscribeTBL] ([UserId] ,[ProviderId])
					VALUES (@UserId,@NewsPaperId)
					SET @Is_success = 1; --  success 
				END
			ELSE 
			   BEGIN
					DELETE FROM [dbo].[UserNewsSubscribeTBL] WHERE [UserId] = @UserId
					SET @Is_success = 1; --  success 
				END
		END
		END TRY
        BEGIN CATCH 
            SET @Is_success = -1 --Error Occured
        END CATCH
	END

END
GO
/****** Object:  StoredProcedure [dbo].[SP_User_Login]    Script Date: 12/2/2019 1:26:16 AM ******/
SET ANSI_NULLS ON
GO
SET QUOTED_IDENTIFIER ON
GO
CREATE PROCEDURE [dbo].[SP_User_Login]
	-- Add the parameters for the stored procedure here
	 @userUName NVARCHAR(200) ,
     @userPassword NVARCHAR(50)
AS
BEGIN
BEGIN TRY
	SET NOCOUNT ON;
	DECLARE	@Uid BIGINT;  
	DECLARE	@UEmail NVARCHAR(50);   
	DECLARE	@Upwd NVARCHAR(20);   
	DECLARE	@Uactive bit;  
	

	SET @Uid = 0;      

	SELECT TOP ( 1 )
			@Uid = ISNULL([dbo].[UserTBL].[UserId], -1) ,
			@Upwd = ISNULL([dbo].[UserTBL].[Password], -1) ,
			@Uactive = ISNULL([dbo].[UserTBL].[IsActive], 0) ,
			@UEmail = ISNULL([dbo].[UserTBL].[Email], '') 

	FROM	[dbo].[UserTBL]
	WHERE	LTRIM(RTRIM([UserName])) = LTRIM(RTRIM(@userUName))

	IF ( @Uid = 0 OR @Uid IS NULL OR @Uid = -1 )
	BEGIN      
		SET @Uid = 0;   -- user does not exist   
		SET @UEmail = '' ;
	END    
	---------------------------------------------
	IF ( @Uid > 0 AND @Uid > -1AND @Upwd COLLATE Latin1_General_CS_AS <> @userPassword)
	BEGIN       
		SET @Uid = -2;  -- user exist but invalid password      
		SET @UEmail = '' ;
	END       
	----------------------------------------------
	IF ( @Uid > 0 AND @Uid > -1 AND @Uactive = 0 )
	BEGIN       
		SET @Uid = -3;   -- user exist but  inactive     
		SET @UEmail = '' ;
	END       
    END TRY
    BEGIN CATCH
            SET @Uid = -1;  --Error Occured
			SET @UEmail = '' ;
     END CATCH
		
	 SELECT @Uid AS UserID,@UEmail AS UserEmail

END
GO
USE [master]
GO
ALTER DATABASE [aqwasDB] SET  READ_WRITE 
GO
